item_id,upper_category,sub_category,brand,things,price,description,delivery_charge,picture_url,qty,username
B4-003,잡화,주얼리,제이에스티나,Crystal Stella 귀걸이목걸이 3종 택1,25000,테두리 롤렛 처리가 가미되어 더욱 섬세한 디테일을 살린 디자인입니다. 회이트 컬러의 베이직 스타일로 데일리 아이템으로 추천합니다.,2500,B4-003.jpg,1,리복
B4-004,잡화,주얼리,제이에스티나,제이에스티나 귀걸이 목걸이 8종 택1,31000,마치 별똥별이 떨어지는 모습을 형상화한 디자인입니다. 귀볼라인을 따라 자연스럽게 착용하여 발랄하게 연출할 수 있는 아이템입니다.,2000,B4-004.jpg,3,리복
B4-005,잡화,주얼리,제이에스티나,제이에스티나 Modish Simple 목걸이 3종 택1,28400,블랙 삼각스톤이 세련되고 깔끔하게 세팅되어진 베이직 디자인입니다.,2500,B4-005.jpg,2,리복
B4-006,잡화,주얼리,빈티지 헐리우드,패션팔찌 9종 택1,14000,패션팔찌,2500,B4-006.jpg,4,리복
B4-007,잡화,주얼리,메트로시티,팔찌2종택1 0374br0375mpbr2,33000,볼륨감이 있는 체인에 메트로시티 M로고가 포인트인 세련된 팔찌,2000,B4-007.jpg,4,리복
B4-008,잡화,주얼리,타티아나,클래식 이디엄 큐빅 팔찌,19800,클래식한 스타일의 심플한 이디엄 큐빅 팔찌입니다. 최고급 큐빅을 사용하여 빛이 오랫동안 지속되며 기술력있는 세공으로 몇 년을 사용하셔도 처음의 상태로 유지하실 수 있는 고급 제품입니다. ,2500,B4-008.jpg,5,리복
B4-009,잡화,주얼리,필그림,faminine allure_22141-xxx2,75000,다양한 컬러와 소재의 믹스로 레어어드 연출이 용이한 패브릭 팔찌로 손목이 얇아보이는 착시효과가 있는 트렌디한 아이템입니다.,0,B4-009.jpg,2,리복
B4-010,잡화,주얼리,리드박스,스위트 하트 참 팔찌L0002_00073,40500,화이트 무나노 글래스 장식안에 클리어 큐빅을 안에 넣어 화려하고 청순한 느낌마져 듭니다. 가운데 달랑이는 참은 크림빛과 핑크빛이 섞여있는 천연진주를 사용했습니다. ,0,B4-010.jpg,5,리복
B5-001,잡화,명품,프라다,PRADA BN1874 NERO SAFFIANO LUX,20769600,PRADA BN1874 NERO SAFFIANO LUX - 원산지 이태리 프라다 하드케이스쇼핑백,0,B5-001.jpg,66,리복
B5-002,잡화,명품,멀버리,여성 가방 / 릴리 백 / HH1567 874 J191,1319000,영국 전통의 클래식함과 럭셔리함을 느낄 수 있는 제품입니다. 엄선된 천연 가죽 수공예품으로 사용할수록 브랜드 고유의 자연스러움과 부드러움이 느껴집니다. ,0,B5-002.jpg,,
B5-003,잡화,명품,입생로랑,뉴카바시크 / 311208 BJ50J 5604 / 여성 토트백,2078000,2014SS 생로랑 뉴카바시크 토트백,0,B5-003.jpg,3,김성종
B5-004,잡화,명품,끌로에,마르씨 미디움 / 3S0917 161 22F / 여성 토트겸숄더백,1266000,2013FW 끌로에 마르씨 미디움 토트겸 숄더백,0,B5-004.jpg,3,김성종
B5-005,잡화,명품,돌체앤가바나,남성 스니커즈 / 하이탑 / CS1091 A4090 80999,456000,2013년 F/W 신상 돌체앤가바나의 남성 하이탑 스니커즈. 스포티하고 클래식한 하이탑 디자인으로 돌체앤가바나 로고가 멋스럽습니다. 발의 편안함을 더했으며 키높이 기능과 튼튼한 고무 바닥창으로 미끄럼 방지가 되며 착화감이 우수합니다. ,0,B5-005.jpg,4,김성종
B5-006,잡화,명품,비비안웨스트우드,VW799/AN821/AN798/AN800/VW804,250000,고급스럽고 심플한 스타일. 세련되고 심플한 부드러운 스퀘어 안구 쉐이브에 심플한 프레임 라인으로 멋을 준 제품입니다. 슬림하게 이어진 다리 라인에 비비안웨스트우드만의 ORB 로고 디테일이 고급스러워 보입니다. 유행에 민감하지 않은 베이직한 디자인에 비비안웨스트우드 만의 스타일리시함이 느껴집니다. 연령대 상관없이 착용하기 좋은 디자인으로 심플함을 강조한 인기 아이템입니다.,0,B5-006.jpg,,
B5-007,잡화,명품,톰포드,TF9258/TF211/TF9260/TF9257,355000,"클래식한 레트로풍 뿔테 디자인. 부드러운 라인의 스퀘어 안구 쉐이브에 톰포드 만의 빈티지함과 복고풍의 멋이 느껴지는 제품입니다. 프론트 프레임에 로고 시그니처와 템플 라인에 톰포드의 상징인 “T” 장식으로 포인트를 주어 빈티지하면서 고급스러워 보이는 스타일로 선글라스 뿐만 아니라 안경테로도 착용 가능합니다. 요즘 떠오르는 트렌디한 디자인으로 남녀 모두에게 인기를 끌고 있는 톰포드의 패셔너블한 모델입니다. 톰포드의 스테디 셀러인 ""TF211"" 후속 모델로 좀 더 부드러운 클래식한 디자인 입니다.",0,B5-007.jpg,,
B5-008,잡화,명품,구찌,구찌 시마 남성 반지갑 145754 A0V1R 1000 BLACK,450000,최상의 전통을 최상의 품질로 과거를 뛰어넘는 제품을 현대에 접목시킨 상품을 지향하는 구찌의 시마지갑입니다. 구찌만의 클래식한 GG파턴과 블랙 컬러가 어우러져 고급스럽습니다. 2개의 지폐포켓 6개의 카드슬롯 및 2개의 보조 슬롯으로 베이직한 구성으로 이루어져 있습니다. ,0,B5-008.jpg,,
B5-009,잡화,명품,프라다,여성 장지갑[1M0506 IBISCO SAFFIANO METAL],780000,프라다(PRADA)는 의류 가죽 액세서리 신발 가방 등을 제조 · 판매하는 이탈리아 명품 브랜드이다. 설립자 마리오 프라다(Mario Prada)의 이름에서 유래한 프라다는 1913년 이탈리아 밀라노에 오픈한 가죽제품 전문매장인 '프라텔리 프라다(Fratelli Prada '프라다 형제'라는 의미)'에서 시작되었다. 1919년 프라다는 이탈리아 사보이 왕실(Royal House of Savoy)의 공식 납품 업체로 지정될 만큼 품질을 인정받았다. 1977년 마리오 프라다의 손녀 미우치아 프라다(Miuccia Prada)가 프라다를 이어 받아 포코노 나일론(Pocono Nylon) 과 같은 혁신적인 소재를 사용해 새로운 스타일의 패션을 선보이며 세계적인 브랜드로 성장시켰다.,0,B5-009.jpg,,
B5-010,잡화,명품,미우미우,여성 장지갑 5M0506 MATELASSE'LUX AMARANTO,640000,지폐포켓2  카드포켓8  보조포켓2  동전포켓1,0,B5-010.jpg,,
C1-001,여성의류,여성상의(outer),잇미샤,카라소매배색 원버튼 슬림 자켓 ITD5WJK540,75000,시원한 컬러감과 슬림한 라인이 예쁜 쉬폰소재의 원버튼 자켓입니다. 시크한 느낌의 카라배색과 뒤쪽 밑단을 따라 덧대어있는 쉬폰의 여성스러움이 잘 어우러진 아이템입니다. 원피스 스키니 등 다양한 아이템과 매치하기 쉬운 데일리 아이템입니다.,0,C1-001.jpg,,
C1-002,여성의류,여성상의(outer),제이제이 지고트,슬림라인 이중카라배색 롱자켓(GGEC600208),39000,폴리소재의 자켓으로 봄/여름 시즌 가볍게 걸치기 좋은 아이템.,2500,C1-002.jpg,,
C1-003,여성의류,여성상의(outer),케네스 레이디,니노 심플노카라 컬러자켓(EGJKDG98),33000,심플한 라인의 노카라 컬러자켓입니다. 정장 또는 캐주얼 착장에 모두 코디가 용이한 활용도 높은 자켓입니다. ,2500,C1-003.jpg,,
C1-004,여성의류,여성상의(outer),비지트인뉴욕,자켓2종택1(VP2JK02VP2JK022),30000,2014년 신상품. 온라인으로 구매하신 상품은 라인 매장에서 수선비 고객부담으로 진행됩니다. 같이 코디된 가방과 목걸이는 코디용이니 참고하여 주시길 바랍니다.,2500,C1-004.jpg,,
C1-005,여성의류,여성상의(outer),지지피엑스,사선지퍼 노카라 자켓 (GEBJK717F),79000,사선지퍼가 포인트로 들어가 모던함이 돋보이는 자켓입니다. 노카라 디자인으로 깔끔함을 살렸고 적당한 길이감이 안정감을 줍니다. 얇은 소재감으로 가볍게 걸쳐 시크함을 어필하실 수 있습니다. ,0,C1-005.jpg,1,김성종
C1-006,여성의류,여성상의(outer),랩,플라워 프린트 롱 야상점퍼(AE2WZS00),107100,2014년 신상품. 온라인으로 구매하신 상품은 라인 매장에서 수선비 고객부담으로 진행됩니다. 같이 코디된 가방과 목걸이는 코디용이니 참고하여 주시길 바랍니다.,0,C1-006.jpg,2,김성종
C1-007,여성의류,여성상의(outer),에고이스트,골드프린트4포켓야상(EE1EZ300),77430,간편하면서도 멋스럽게 코디할 수 있는 야상점퍼입니다. 허리라인 조절이 가능하여 슬림하게 루즈하게 착용할 수 있어요. 진스타일은 물론 드레시한 원피스나 롱원피스 스커트와 매치하기에도 좋아요.,0,C1-007.jpg,3,김성종
C1-008,여성의류,여성상의(outer),플라스틱아일랜드,배색 라이더 마 점퍼(PE2WZ481),50000,심플하고 모던한 디자인의 라이더자켓입니다. 시원한 소재감으로 캐쥬얼하고 편하게입을 수 있습니다,0,C1-008.jpg,4,김성종
C1-009,여성의류,여성상의(outer),반에이크,레이스배색점퍼_V46JPQ909Z,49800,세련된 시스루 레이스 배색이 멋스러운 점퍼입니다. 촉감이 소프트한 폴리 소재를 사용하여 착용감이 우수합니다. 로맨틱한 플라워 자수 디테일이 더욱 스타일리쉬합니다. ,0,C1-009.jpg,,
C1-010,여성의류,여성상의(outer),커밍스텝,도마뱀와펜점퍼(COE5WJP440),339300,2014년 신상품. 온라인으로 구매하신 상품은 라인 매장에서 수선비 고객부담으로 진행됩니다. 같이 코디된 가방과 목걸이는 코디용이니 참고하여 주시길 바랍니다.,0,C1-010.jpg,,
C2-001,여성의류,여성상의(inner),플라스틱아일랜드,화사한 레이스 블라우스(PE2WB671),49000,깔끔한 레이스 스타일의 블라우스입니다 기장감 길게나와 청바지나 반바지에 코디하시기 좋습니다,0,C2-001.jpg,,
C2-002,여성의류,여성상의(inner),온앤온,밑단 레이스 이중 펀칭 블라우스(NW4MB358),69000,2014년 신상품. 온라인으로 구매하신 상품은 라인 매장에서 수선비 고객부담으로 진행됩니다. 같이 코디된 가방과 목걸이는 코디용이니 참고하여 주시길 바랍니다.,0,C2-002.jpg,,
C2-003,여성의류,여성상의(inner),케네스 레이디,플러시 레이스블라우스(EWBLDG01),59000,2013 년 S/S시즌 상품입니다. 앞판 레이스와 네크라인 레이스가 포인트인 반팔 블라우스입니다. 여성스러운 느낌의 기본 블라우스로 활용도가 높은 아이템입니다.,0,C2-003.jpg,,
C2-004,여성의류,여성상의(inner),제이제이 지고트,러블리한 페플럼 라인의 체크 블라우스(GGEG500182),29000,2014년 신상품. 온라인으로 구매하신 상품은 라인 매장에서 수선비 고객부담으로 진행됩니다. 같이 코디된 가방과 목걸이는 코디용이니 참고하여 주시길 바랍니다.,2500,C2-004.jpg,,
C2-005,여성의류,여성상의(inner),리스트,소매 프릴 디테일 블라우스 (TWBLE60160),29001,소매 프릴 디테일이 들어간 러블리한 블라우스입니다. 미디한 길이감과 내츄럴한 핏감으로 착용시 안정감을 줍니다. 깔끔한 디자인으로 팬츠나 스커트 등 다양한 연출을 하실수 있습니다. ,2500,C2-005.jpg,,
C2-006,여성의류,여성상의(inner),르꼴레뜨,쉬폰 블라우스 2종 택1(BL3),40000,young한 감성을 바탕으로 심플하면서도 wit와 fun한 요소가 가미된 high-end couture casual브랜드 입니다.,2000,C2-006.jpg,,
C2-007,여성의류,여성상의(inner),올리브데올리브,러블리한 러플소매의 쉬폰 블라우스(OW4MZ057),39000,이국적이고 에스닉한 영향으로 오래되어 바랜듯한 느낌이지만 로맨틱한 감성에 초점을 맞추어 가치있게 표현합니다. 로맨틱과 빈티지의 조화를 지향합니다.,2500,C2-007.jpg,,
C2-008,여성의류,여성상의(inner),온앤온,여성스러운 펌프소매 티셔츠(NW4ME179),53100,2014년 신상품. 온라인으로 구매하신 상품은 라인 매장에서 수선비 고객부담으로 진행됩니다. 같이 코디된 가방과 목걸이는 코디용이니 참고하여 주시길 바랍니다.,0,C2-008.jpg,,
C2-009,여성의류,여성상의(inner),올리브데올리브,레이스패턴의 루즈한 스트라이프티셔츠(OW4MZ068),45000,50년대의 복고적인 클럽 스포츠의 감각에 로맨틱한 디테일이 더해져서 새롭게 표현하고 있습니다. 스포티함과 큐트함의 조화를 추구합니다.,0,C2-009.jpg,,
C2-010,여성의류,여성상의(inner),온앤온,편안한하게 입는 루즈핏 티셔츠(NW4MZ015),39000,2014년 신상품. 온라인으로 구매하신 상품은 라인 매장에서 수선비 고객부담으로 진행됩니다. 같이 코디된 가방과 목걸이는 코디용이니 참고하여 주시길 바랍니다.,2500,C2-010.jpg,,
C3-001,여성의류,여성하의(치마),나이스클랍,화사한꽃무늬포인트A라인스커트[N142MSD009],62100,전체적으로 슬림한 핏선의 화사한 무늬가 돋보이는 세련된 스타일입니다.,0,C3-001.jpg,,
C3-002,여성의류,여성하의(치마),에고이스트,플라워렐이스미니스커트(EE2WS463),159000,2014년 신상품. 온라인으로 구매하신 상품은 라인 매장에서 수선비 고객부담으로 진행됩니다. 같이 코디된 가방과 목걸이는 코디용이니 참고하여 주시길 바랍니다.,0,C3-002.jpg,,
C3-003,여성의류,여성하의(치마),타스타스,레이스패치 H라인스커트 (1D1SK210),150000,기본 무난한 스타일입니다. 대표 이미지컬러는 라이트블루  입니다.,0,C3-003.jpg,,
C3-004,여성의류,여성하의(치마),올리브데올리브,우아한 꽃자수 스커트(OW4MS314),198000,어린시절 지니고 있던 상상력과 순수함을 동경하며 꿈꾸는 듯한 귀여운 아름다움을 강조한 로맨틱하고 여성스러운 감각입니다.,0,C3-004.jpg,,
C3-005,여성의류,여성하의(치마),르윗,매력적인 데님스커트 (LED9DSK400),205000,클래식과 타임리스 스타일을 현대의 자유로움과 합리성으로 재해석한 패션으로 동시대적 감성의 새로운 패션 가치를 이야기하는 LEWITT은 (주)시선인터네셔널에서 전개하는 컨템퍼러리 시그니처 브랜드입니다.,0,C3-005.jpg,,
C3-006,여성의류,여성하의(치마),잇미샤,셔링이 예쁜 A라인 스커트 ITD8WSK210,35000, 잇미샤 2013년 SUMMER 아이템. 산뜻한 컬러에 셔링이 예쁜 A라인 스커트입니다. 화이트 블라우스와 같은 단색 상의와 코디하여 깔끔하면서도 멋스러운 스타일을 낼 수 있으며 세미 캐주얼 스타일로도 입을 수 있습니다.,2500,C3-006.jpg,,
C3-007,여성의류,여성하의(치마),르꼴레뜨,펀칭스타일 A라인 스커트(SK71),49000,young한 감성을 바탕으로 심플하면서도 wit와 fun한 요소가 가미된 high-end couture casual브랜드 입니다.,2000,C3-007.jpg,,
C3-008,여성의류,여성하의(치마),랩,패턴플레어스커트 DN (AE2WS442),55000,여성스러운 아이템입니다. 발랄한 느낌의 스커트입니다. ,0,C3-008.jpg,,
C3-009,여성의류,여성하의(치마),밀스튜디오,깨끗한 화이트 플레어 스커트 훌SK (ML2137),39000,MILL STUDIO는 컨템포러리함을 추구하는 현대적이고 심플모던하며 시장을 앞서나가는 트렌디 의류브랜드입니다.현재 셀렉샵 형태의 매장(중동 현대유플렉스 명동 영플라자 김포 롯데몰 명동 레벨5 영등포 타임스퀘어 및 동대문 두타)을 갖고 있습니다.,2500,C3-009.jpg,,
C3-010,여성의류,여성하의(치마),플라스틱아일랜드,뒤 지퍼 플레어 스커트(PE1WS265),20000,「2014년 봄 신상」상큼한 컬러감이 돋보인는 플레어스커트입니다. 기본베이직한 플레어디자인이라 유행없이 무난하게 입기좋은 아이템입니다.,2500,C3-010.jpg,,
C4-001,여성의류,여성하의(바지),잇미샤,자가드패시 섬머 하프슬랙스(ITD3WPT320),49000,잇미샤 13년신상 S/S 섬머 하프 슬랙스. 자카드의 고급스러운 무늬가 패치된 베스트셀러 섬머 하프팬츠 아이템. 고급스러운 패턴이 어떤 코디에도 유니크하면서 럭셔리한 분위기 연출에 좋습니다. 자카드의 고급스러운 무늬가 패치된 베스트셀러 섬머 하프팬츠 아이템. 고급스러운 패턴이 어떤 코디에도 유니크하면서 럭셔리한 분위기 연출에 좋습니다.,0,C4-001.jpg,,
C4-002,여성의류,여성하의(바지),르윗,주머니 단추 포인트 5부팬츠 (LEE3WPT100),114000,클래식과 타임리스 스타일을 현대의 자유로움과 합리성으로 재해석한 패션으로 동시대적 감성의 새로운 패션 가치를 이야기하는 LEWITT은 (주)시선인터네셔널에서 전개하는 컨템퍼러리 시그니처 브랜드입니다.,0,C4-002.jpg,,
C4-003,여성의류,여성하의(바지),스위트숲,치마반바지(WQ2SP91),35000,2014년 신상품. 온라인으로 구매하신 상품은 라인 매장에서 수선비 고객부담으로 진행됩니다. 같이 코디된 가방과 목걸이는 코디용이니 참고하여 주시길 바랍니다.,2000,C4-003.jpg,,
C4-004,여성의류,여성하의(바지),이앤씨,레이스프린트 치마반바지(ENTA31173W),143000,레이스를 덧댄 느낌의 문양이 여성스러운 치마반바지 스타일로 오비느낌의 허리배색이 슬림한 허리라인을 강조합니다.,0,C4-004.jpg,,
C4-005,여성의류,여성하의(바지),올리브데올리브,라인감이 살아있는 러블리한 큐롯팬츠(OW4ML543),134300,어린시절 지니고 있던 상상력과 순수함을 동경하며 꿈꾸는 듯한 귀여운 아름다움을 강조한 로맨틱하고 여성스러운 감각입니다.,0,C4-005.jpg,,
C4-006,여성의류,여성하의(바지),보브,주름스커트팬츠(71142 30032),78000,스커트형처럼 떨어지는 팬츠입니다. 안감도 신축성이있어 편하게 입으실수있습니다. 스커트형처럼 주름이 있는 라인이기 때문에 체형커버에도 좋은상품입니다.,0,C4-006.jpg,,
C4-007,여성의류,여성하의(바지),숲,플라워패턴 쉬폰 큐롯팬츠 (SP2SP08),89000,플라워패턴 쉬폰 큐롯 팬츠 입니다.,0,C4-007.jpg,,
C4-008,여성의류,여성하의(바지),비지트인뉴욕,물결큐롯스커트(VQ2SP95),47200,2014년 신상품. 온라인으로 구매하신 상품은 라인 매장에서 수선비 고객부담으로 진행됩니다. 같이 코디된 가방과 목걸이는 코디용이니 참고하여 주시길 바랍니다.,2500,C4-008.jpg,,
C4-009,여성의류,여성하의(바지),에고이스트,퀼팅패치쇼츠(EE2DQ569)+벨트,69000,2014년 신상품. 온라인으로 구매하신 상품은 라인 매장에서 수선비 고객부담으로 진행됩니다. 같이 코디된 가방과 목걸이는 코디용이니 참고하여 주시길 바랍니다.,0,C4-009.jpg,,
C4-010,여성의류,여성하의(바지),쥬크,하이웨스트 빈티지 빅포켓숏팬츠(Z142PSA408),79000,2014년 신상품. 온라인으로 구매하신 상품은 라인 매장에서 수선비 고객부담으로 진행됩니다. 같이 코디된 가방과 목걸이는 코디용이니 참고하여 주시길 바랍니다.,0,C4-010.jpg,,
C5-001,여성의류,여성원피스,잇미샤,투인원 프린트 원피스 ITE5ZOP960,112000," 아이보리 블라우스에 프린트 스커트를 입은듯한 효과를 드리는 2 in 1스타일의 원피스입니다.
  2014년 SUMMER 상품입니다",0,C5-001.jpg,,
C5-002,여성의류,여성원피스,라인,카라 프린트 절개 민소매 원피스,48000,2014년 신상품. 온라인으로 구매하신 상품은 라인 매장에서 수선비 고객부담으로 진행됩니다. 같이 코디된 가방과 목걸이는 코디용이니 참고하여 주시길 바랍니다.,2000,C5-002.jpg,,
C5-003,여성의류,여성원피스,씨,보석프린트원피스(SIOAE2534),59000,2014년 신상품. 온라인으로 구매하신 상품은 라인 매장에서 수선비 고객부담으로 진행됩니다. 같이 코디된 가방과 목걸이는 코디용이니 참고하여 주시길 바랍니다.,0,C5-003.jpg,,
C5-004,여성의류,여성원피스,엘블룸,꽃나염 원피스(14SCOP1000),59001,V네크라인으로 가볍고 부담없이 착용하기 좋은 꽃나염 원피스입니다. 허리라인을 감싸주어 매듭을 묶으면 슬림하면서도 글램하게 연출이 가능한 아이템입니다. ,0,C5-004.jpg,,
C5-005,여성의류,여성원피스,르샵,시원한 마 플라워 A라인 원피스 (le4do204),44000,2014년 신상품. 온라인으로 구매하신 상품은 라인 매장에서 수선비 고객부담으로 진행됩니다. 같이 코디된 가방과 목걸이는 코디용이니 참고하여 주시길 바랍니다.,0,C5-005.jpg,,
C5-006,여성의류,여성원피스,지컷,로맨틱 플라워자수 민소매원피스(72142-37005),150000,로맨틱하면서도 러블리한 플라워 자수 패턴의 민소매 원피스입니다.입체감있는 자수 장식으로 포인트를 주어 데이트 룩으로 사랑스럽게 연출하여도 좋으며 깔끔한 라인의 민소매로 자켓이나 가디건 등 가벼운 아우터와 매치하여 페미닌하게 연출할수있는 아이템입니다. 컬러감이 예뻐 산뜻한 느낌을 주며 여름철 원피스 하나만으로도 분위기있게 스타일링이 가능합니다.,0,C5-006.jpg,,
C5-007,여성의류,여성원피스,숲,리본 프린트 원피스(SQ2OP93),49000,로맨틱 감성을 트렌드와 믹스한 Cute & Romantic & Feminine mix 한 영캐주얼 브랜드 입니다.,0,C5-007.jpg,,
C5-008,여성의류,여성원피스,미쏘,자수 펀칭 민소매 OPS (MIOW42527R),59000,여러가지 재료를 혼합해 만드는 칵테일처럼 글로벌 감성의 베이직 아이템과 트렌디 디자인을 나만의 믹스앤매치 스타일로 창조하는 글로벌 여성 스파 브랜드,0,C5-008.jpg,,
C5-009,여성의류,여성원피스,시슬리,슬림한 원피스(SAOPC7431),143000,2014년 신상품. 온라인으로 구매하신 상품은 라인 매장에서 수선비 고객부담으로 진행됩니다. 같이 코디된 가방과 목걸이는 코디용이니 참고하여 주시길 바랍니다.,0,C5-009.jpg,,
C5-010,여성의류,여성원피스,온앤온,수채화 패턴 민소매 원피스(NW4MO195),79000,2014년 신상품. 온라인으로 구매하신 상품은 라인 매장에서 수선비 고객부담으로 진행됩니다. 같이 코디된 가방과 목걸이는 코디용이니 참고하여 주시길 바랍니다.,0,C5-010.jpg,,
D1-001,남성의류,남성셔츠,series,[epigram] 포인트 블로킹 코튼 썸머셔츠,109000,몸판 중간 부분의 블로킹 디테일로 세련된 감각을 연출,0,D1-001.jpg,,
D1-002,남성의류,남성셔츠,바나나리퍼블릭,2014년 여름 린넨&코튼 블루 버튼다운셔츠,49000,슬림핏으로 적당히 라인감이 살아있음. 한여름철도 착용 가능.,0,D1-002.jpg,,
D1-003,남성의류,남성셔츠,빈폴,[SLIM FIT] 베이직 빅체크 반팔 셔츠,97000,빈폴만의 고유체크 패턴. 버튼다운 카라 디테일.,0,D1-003.jpg,,
D1-004,남성의류,남성셔츠,지오지아,옥스포드 조직감 화이트 셔츠,15000,기본 셔츠와 다르게 고급스러운 옥스포드 짜임으로 퀄리티를 높임.,3000,D1-004.jpg,,
D1-005,남성의류,남성셔츠,커스텀멜로우,투톤 데님 셔츠,63000,내츄럴한 투톤의 블록 컬러 디자인이 돋보임.,0,D1-005.jpg,,
D1-006,남성의류,남성셔츠,레노마셔츠,블루 핀체크 솔리드배색 스냅셔츠,25000,캐주얼한 스타일,3000,D1-006.jpg,,
D1-007,남성의류,남성셔츠,빈폴,레드 타탄 체크 반팔 셔츠,97000,뒤허리 다트의 슬림한 피팅감이 세련됨. 면 소재로 편안함 제공.,0,D1-007.jpg,,
D1-008,남성의류,남성셔츠,루이까또즈셔츠,블루 쟈가드 클래식핏 반팔셔츠,30000,블루 쟈가드 컬러 안감배색 클래식핏 반팔셔츠.,0,D1-008.jpg,,
D1-009,남성의류,남성셔츠,밴브루,린넨 솔리드 화이트 세미와이드 슬림셔츠,104000,마100% 소재로 여름까지 입을 수 있는 비즈니스 캐쥬얼셔츠.,0,D1-009.jpg,,
D1-010,남성의류,남성셔츠,로가디스,네이비 스트라이프 반팔 드레스셔츠,38000,바닥과 패턴이 일대일로 반복되는 싱글 스트라이프 패턴.,0,D1-010.jpg,,
D2-001,남성의류,남성팬츠,지오지아,벨트포함 캐주얼 면스판 팬츠,49800,소개감이 가볍고 신축성 우수.,0,D2-001.jpg,,
D2-002,남성의류,남성팬츠,지이크,멜란지 네이비 슬림 다이나믹 스판 정장 팬츠,99000,세련된 디자인. 스판소재 특유의 슬림함이 좋은 제품.,0,D2-002.jpg,,
D2-003,남성의류,남성팬츠,인터메조,짜임포인트 스카이블루 치노팬츠,69000,시원하면서도 캐주얼한 느낌. 착장감 매우 우수.,0,D2-003.jpg,,
D2-004,남성의류,남성팬츠,T.I FOR MEN,오션블루 슬림 면스판 치노팬츠,55000,슬림한 실루엣. 캐주얼룩을 완성시켜주는 컬러.,0,D2-004.jpg,,
D2-005,남성의류,남성팬츠,타미힐피거,남성머서핏 가먼다잉 치노팬츠,95000,반골반 스타일. 허벅지라인과 골반에 여유. 아래로 갈수록 슬림.,0,D2-005.jpg,,
D2-006,남성의류,남성팬츠,지오지아,네이비 기본 슬림정장바지,40000,편안한 기본핏 맵시있는 라인감.,0,D2-006.jpg,,
D2-007,남성의류,남성팬츠,빨질레리,투톤 그레이 노턱 면스판 바지,168000,밝은 색감의 투톤 컬러가 멋스러운 면스판 소재 제품.,0,D2-007.jpg,,
D2-008,남성의류,남성팬츠,다반,그레이 체크 노턱 춘하 바지,89000,은은한 톤온톤 체크패턴의 그레이 울바지.,0,D2-008.jpg,,
D2-009,남성의류,남성팬츠,MVIO,베이지 노턱 면스판 바지,95000,부드러운 터치감의 고밀도 면스판 소재 제품.,0,D2-009.jpg,,
D2-010,남성의류,남성팬츠,캠브리지멤버스,링클프리 그레이 단품하의,79000,구김이 없는 단품 하의. 실용적이며 시원한 소재.,0,D2-010.jpg,,
D3-001,남성의류,남성자켓,커스텀멜로우,씨어서커 스트라이프 블레이져,170000,투버튼 여밈 디자인. 안쪽에 스트랩적용.,0,D3-001.jpg,,
D3-002,남성의류,남성자켓,제스,블루 스트레치 슬림 캐쥬얼 면자켓,49000,면스판 소재. 착용감과 통기성 우수.,0,D3-002.jpg,,
D3-003,남성의류,남성자켓,지오지아,AND Z 스카이 블루 면/마 캐쥬얼 자켓,119000,시원하고 산뜻한 느낌의 스카이블루 색감의 자켓.,0,D3-003.jpg,,
D3-004,남성의류,남성자켓,지이크,레드 린넨 슬림 캐주얼 자켓,150000,린넨 소재의 시원한 원단감. 비즈니스 캐주얼 연출 용이.,0,D3-004.jpg,,
D3-005,남성의류,남성자켓,BON,린넨 스판 캐주얼 자켓,124000,슬림 하면서도 텐션의 편안함이 더해짐.,0,D3-005.jpg,,
D3-006,남성의류,남성자켓,갤럭시라이프스타일,실크 마 혼방 블루 체크 투버튼 쟈켓,321000,실크와 린넨이 혼방. 세련되고 고급스러운 비즈니스 캐주얼룩 연출가능.,0,D3-006.jpg,,
D3-007,남성의류,남성자켓,로가디스그린,네이비 폴리 투버튼 쟈켓,89000,노치드 라펠이 매치된 테일러드 카라 디자인.,0,D3-007.jpg,,
F3-007,유아동,남아 아동의류,리바이스(키즈),원워싱5부데님팬츠,55000,워싱이 없는 기본 5부 데님팬츠로 입고 벗기 편하고 활동성 좋게 허리에 밴드 처리됨. 얇고 스판성 좋은 소재로 시원하고 편하게 입을 수 있는 슬림 스트레이트핏의 5부 팬츠. 매장과 동시 판매로 조기 품절될 수 있습니다.,0,F3-007.jpg,,
F3-008,유아동,남아 아동의류,아디다스키즈(아동),유스보이 우븐 쇼츠,29000,YB C WV SHORT 유스보이 우븐 쇼츠 / 아동 반바지 / 키즈 기능성 바지 - M66183,2500,F3-008.jpg,,
F3-009,유아동,남아 아동의류,나이키 키즈,윈드러너 2 LK NIKE,63000,100% 폴리에스테르. 비비드 블루/리플렉티브 실버,0,F3-009.jpg,,
F3-010,유아동,남아 아동의류,게스(키즈),블루 화섬 점퍼,110600,봄가을 필수품인 바람막이 점퍼 입니다,0,F3-010.jpg,,
F4-001,유아동,여아 주니어의류,타미힐피거 칠드런,여아 베이직 피케 폴로 반팔 카라티,40600, 타미힐피거 베이직 반소매 피케 폴로 입니다. 총 8가지 색상이니 색상 선택에 주의하여 주문해주세요^^,0,F4-001.jpg,,
F4-002,유아동,여아 주니어의류,타미힐피거 칠드런,여아 썸머 나시 원피스,39000,타미 베이직 라인으로 고급스러운 드레스입니다. 드레시 하면서도 목부분에 레이스 장식이 세련미를 더해주며 SUMMER시즌에 가장 시원하게 입을 수 있는 원피스입니다!,2000,F4-002.jpg,,
F4-003,유아동,여아 주니어의류,게스(키즈),고방체크셔츠,55000,슬림 핏으로 피팅시 캐쥬얼하면서도 사랑스러운 스타일 연출이 가능한 아이템입니다.,0,F4-003.jpg,,
F4-004,유아동,여아 주니어의류,닥스 키즈,하우스치크 블라우스,117000,하우스체크 프릴 블라우스. 어깨요크와 암홀로 떨어지는 프릴단이 러블리한 느낌 강조,0,F4-004.jpg,,
F4-005,유아동,여아 주니어의류,블루테일,여아 그레이해골패턴가디건,77000,스컬 전판패턴을 톡톡한 터치감에 가벼운느낌의 이중온스로 제안 유머러스하고 여아스러운 발랄함이 느껴지는 스트릿감성 아이템입니다. 세련된 그레이칼라 제안하였습니다.,0,F4-005.jpg,,
F4-006,유아동,여아 주니어의류,짐보리,오렌지 고양이가디건,56000,오렌지색상의 니트 가디건 입니다. 라운드형이고 여미는 부분은 단추로 되어 있습니다. 소매와 허리는 시보리 되어 있습니다. 어깨와 목에 고양이를 두른듯한 그림이 디자인 되어 있습니다. 5세부터12세까지 입을수 있습니다.,0,F4-006.jpg,,
F4-007,유아동,여아 주니어의류,갭 키즈,키즈 여아 초록/흰색 꽃패턴 플레어스커트,38500,[GAP]키즈 여아 초록/흰색 꽃패턴 플레어스커트(5214233521061),2500,F4-007.jpg,,
F4-008,유아동,여아 주니어의류,리바이스(키즈),데님벌룬 스커트,29000,워싱이 없는 데님에 주름으로 예쁘게 변형을 준 디자인으로 착용감좋고 다양하게 코디 용이함. 매장과 동시 판매로 조기 품절될 수 있습니다.,2500,F4-008.jpg,,
F4-009,유아동,여아 주니어의류,빈,여아스커트,78000,선명하고 깔끔한 네이비 컬러의 다이마루 소재 플레어 스커트 아이템입니다. 발랄하게 연출되는 플레어 실루엣으로 다양한 티셔츠와 제안할 수 있으며 트렌디하고 경쾌한 스타일링을 연출해주는 아이템입니다. 민트컬러 티셔츠와 함께 미니멀하고 경쾌한 여아의 스타일링을 제안할 수 있습니다.,0,F4-009.jpg,,
F4-010,유아동,여아 주니어의류,애스크 주니어,빅체크스커트,35000,여아 빅체크 주름 스커트,2500,F4-010.jpg,,
F5-001,유아동,남아 주니어의류,아디다스키즈(아동),유스 보이 티로 트랙 수트 셋트/ 트레이닝세트,71000,유스 보이 티로 트랙 수트 셋트 / 트레이닝세트,0,F5-001.jpg,,
F5-002,유아동,남아 주니어의류,톰키드,남아 상하쿨셋트,48900,시원한 폴리매쉬 소재로 배색과 스포티한 그래픽이 포인트,0,F5-002.jpg,,
F5-003,유아동,남아 주니어의류,애스크 주니어,남아 쿠션지 핀턱 팬츠,29000,땀흡수와 건조가 빠른 기능성 소재의 쿨맥스 바지입니다. 가볍고 부드러운 느낌으로 편안하게 착용할 수 있으며 얇은 두께감으로 초여름까지도 입기 좋은 아이템입니다. 남아 쿠션지 후드점퍼(JU1ZTC192MU-LY)와 세트로 입을 수 있는 제품입니다.,2500,F5-003.jpg,,
F5-004,유아동,남아 주니어의류,게스(키즈),체인 스티치 스키니데님,95000,스키니핏 데님팬츠입니다. 오렌지칼라의 체인스티치 디테일과 오렌지톤 금속장식으로 멋스러운 아이템입니다. 텐션감이 좋아 착장감이 편안하고 약한 브러쉬워싱으로 고급스럽니다. 다양한 상의에 매치하여 활용하기 좋습니다.,0,F5-004.jpg,,
F5-005,유아동,남아 주니어의류,타미힐피거 칠드런,토들러남아옥스포드셔츠,47000,기본 옥스포드셔츠,0,F5-005.jpg,,
F5-006,유아동,남아 주니어의류,아놀드파마 주니어,변형남방,53500,마린느낌이 나는 남아셔츠. 활동성이 좋은 아이템으로 데님바지나 면바지와 코디하면 좋음.,0,F5-006.jpg,,
F5-007,유아동,남아 주니어의류,나이키 키즈,나이키 N98 FFF 어센틱 트랙 자켓,76000,나이키 N98 FFF 어센틱 트랙 자켓 YTH. 8-13세 의류. 미드나잇 네이비/화이트/화이트,0,F5-007.jpg,,
F5-008,유아동,남아 주니어의류,블랙야크(키즈),신상 블랙야크 키즈 KB2XK8자켓,129000, 스트레치 성이 우수한 소프트쉘 소재로 편안한 활동성 유지. 넥과 밑단 부위 시보리소재 적용되어 캐쥬얼하면서도 밀착된 피팅감. 배색컬러 적용과 빈티지한 로고와펜들 적용,0,F5-008.jpg,,
F5-009,유아동,남아 주니어의류,빈,남아 화이트 자켓 ,31000,깔끔하게 떨어지는 실루엣이 깨끗한 스타일을 연출하는 화이트 칼라의 면 자켓입니다. 깔끔하게 떨어지는 실루엣이 멋스러우며 소매를 걷어서 연출하거나 이너로 티셔츠 또는 티셔츠를 입어 프랜치 캐주얼 스타일을 연출할 수 있습니다. ,2500,F5-009.jpg,,
F5-010,유아동,남아 주니어의류,애스크 주니어,공용 스트라이프 스웨터,20000,공용 라운드 스트라이프 스웨터입니다. 팔꿈치에 가죽보호대를 매치해 멋스러움을 더했습니다.,2500,F5-010.jpg,,
G1-001,가전.컴퓨터,TV.냉장고.세탁기.계절가전,LG전자,휘센 LD-068DSP 제습기,200000,국내최저소음.,0,G1-001.jpg,,
G1-002,가전.컴퓨터,TV.냉장고.세탁기.계절가전,캐리어,벽걸이형 캐리어에어컨 CSR-A062SE,455000,향균필터 제습운전 자동운전.,0,G1-002.jpg,,
G1-003,가전.컴퓨터,TV.냉장고.세탁기.계절가전,삼성전자,포터블쿨러 쿨프레소 AZ10H9990W AD,599000,물통용량:0.65L/다크블루. 전기 요금 저렴.,0,G1-003.jpg,,
G1-004,가전.컴퓨터,TV.냉장고.세탁기.계절가전,LG전자,DIOS 양문형냉장고 R-F955EDSB,6569000,세계 최초 더블 매직스페이스,0,G1-004.jpg,,
G1-005,가전.컴퓨터,TV.냉장고.세탁기.계절가전,삼성전자,지펠 양문형냉장고 RF90H90017BB,2756000,상냉장 하냉동 구조. T Type 냉장고로 편리하고 신선하게 보관 가능.,0,G1-005.jpg,,
G1-006,가전.컴퓨터,TV.냉장고.세탁기.계절가전,삼성전자,지펠아삭 뚜껑식 김치냉장고 ZT22FCRTSHWE,1017970,5면 메탈냉각. 파워쿨링커버. 장소 상황에 따른 최적 온도조절.,0,G1-006.jpg,,
G1-007,가전.컴퓨터,TV.냉장고.세탁기.계절가전,LG전자,TROMM 6모션 터보샷 드럼세탁기 F2996NCZ1,614500,6모션으로 더 빠르고 깨끗한 빨래 가능.,0,G1-007.jpg,,
G1-008,가전.컴퓨터,TV.냉장고.세탁기.계절가전,삼성전자,버블샷3 W9000 드럼세탁기 WD19H9400KP ,1813290,파워청정헹굼으로 더욱 강력. 아웃도어 토탈솔루션 제공.,0,G1-008.jpg,,
G1-009,가전.컴퓨터,TV.냉장고.세탁기.계절가전,LG전자,HD LED TV 32LB555B 80cm 스탠드형,553020,178도 넓은 광시야각  상하좌우 보는 위치이 따른 색상왜곡 없음.,0,G1-009.jpg,,
G1-010,가전.컴퓨터,TV.냉장고.세탁기.계절가전,LG전자,3D 블루레이 홈씨어터 BH9530TW,1966300,9.1ch 3D 사운드  편리한 무선기술  스마트TV 기능.,0,G1-010.jpg,,
G2-001,가전.컴퓨터,디카.DSLR.캠코더,캐논,EOS 6D ,2430000,와이파이 무선전송 가능. 초소형  초경량 풀사이즈 CMOS DSLR.,0,G2-001.jpg,,
G2-002,가전.컴퓨터,디카.DSLR.캠코더,니콘,D610 ,2068000,초경량 풀프레임 DSLR,0,G2-002.jpg,,
G2-003,가전.컴퓨터,디카.DSLR.캠코더,소니,ILCE- A5000L,596000,탁월한 호질과 창조적인 기능의 완성. 렌즈교환식.,0,G2-003.jpg,,
G2-004,가전.컴퓨터,디카.DSLR.캠코더,삼성카메라,NX300M,603000,SNS에 바로 업 가능! 180도 미러팝& 틸트 84mm,0,G2-004.jpg,,
G2-005,가전.컴퓨터,디카.DSLR.캠코더,후지,인스탁스미니8,167000,맑은 파스텔의 느낌과 세련된 매트함이 어우러짐.,0,G2-005.jpg,,
G2-006,가전.컴퓨터,디카.DSLR.캠코더,로모그래피,다이아나 미니,69000,나만의 개성을 표현해주는 이미지 연출.,0,G2-006.jpg,,
G2-007,가전.컴퓨터,디카.DSLR.캠코더,니콘,D7100,1170000,DX포맷으로 피사체를 완벽하게 표현.,0,G2-007.jpg,,
G2-008,가전.컴퓨터,디카.DSLR.캠코더,본젠,vonjean 프로페셔널 삼각대 VT-338D,100000,프로페셔널 DSLR용. 가볍고 조작이 빠름.,0,G2-008.jpg,,
G2-009,가전.컴퓨터,디카.DSLR.캠코더,내셔널 지오그래픽,NG A5270 Medium Rucksack ,152000,대도시 사용자의 라이프 스타일에 맞는 일상과 사진에 모두 적합.,0,G2-009.jpg,,
G2-010,가전.컴퓨터,디카.DSLR.캠코더,폰트리,캐논 파워샷 N100 AFP 올레포빅 액정보호필름,12800,광학기기에 근접한 밝은 투명도. 지문방지와 이지클린.,3000,G2-010.jpg,,
G3-001,가전.컴퓨터,스마트폰내비.MP3.학습기기,Joy R7,네비게이션 지니 3D맵(8G),229000,우수한 플랫폼. 안전하고 합리적인 NON-DMB,0,G3-001.jpg,,
G3-002,가전.컴퓨터,스마트폰내비.MP3.학습기기,아이나비,K11(16GB),409000,항공사진 지도 연계. 정전식 터치스크린,0,G3-002.jpg,,
G3-003,가전.컴퓨터,스마트폰내비.MP3.학습기기,아이나비,KP700 마하 voice(32GB),349000,음성인식. 자동밝기조절.,0,G3-003.jpg,,
G3-004,가전.컴퓨터,스마트폰내비.MP3.학습기기,파인드라이브,iQ 3D 5000 16GB,375000,TPEG/3D업데이트 평생 무료.,0,G3-004.jpg,,
G3-005,가전.컴퓨터,스마트폰내비.MP3.학습기기,캠시스,CL-200B 16GB 1채널 블랙박스,249000,Full HD＆HD/4inch LCD/듀얼CPU,0,G3-005.jpg,,
G3-006,가전.컴퓨터,스마트폰내비.MP3.학습기기,아이나비,QXD900View 32GB 블랙박스,399000,FHD&FHD 2CH Sony CMOS WDR 140도 화각,0,G3-006.jpg,,
G3-007,가전.컴퓨터,스마트폰내비.MP3.학습기기,아이로드,IONE-900HD,99000,리얼HD/자동모션/자동주차/GPS가능/스마트폰재생/차량용블랙박스,0,G3-007.jpg,,
G3-008,가전.컴퓨터,스마트폰내비.MP3.학습기기,블랙뷰,Wi-Fi LCD DR750LW-2CH ,369000,Full HD 화질. FOTA 기능으로 내장 WIFi와 앱을 연동.,0,G3-008.jpg,,
G3-009,가전.컴퓨터,스마트폰내비.MP3.학습기기,루카스,LK-9700 (128G/8G),549000,FullHD//주행정보저장/모션감지/2채널/최대512G 지원/시큐리티LED,0,G3-009.jpg,,
G3-010,가전.컴퓨터,스마트폰내비.MP3.학습기기,모쉬,DR8 Neodymium Driver mythro Jet Silver,35000,CNET이 선정한 $50 이하의 최고의 이어폰,0,G3-010.jpg,,
G4-001,가전.컴퓨터,노트북.태블릿.데스크탑,HP,15-D071TU,554000,인텔 펜티엄 쿼드코어 N3510 (2.0GHz)/4G/500G/39.6cm/DVD-RW/Win 8.1,0,G4-001.jpg,,
G4-002,가전.컴퓨터,노트북.태블릿.데스크탑,레노버,씽크패드 T540P 20BE-A00MKR,1657000,인텔4세대 i5-4200M 4GB HDD 500G  39.4cm  Full HD  Win7 Pro 64,0,G4-002.jpg,,
G4-003,가전.컴퓨터,노트북.태블릿.데스크탑,LG전자,울트라북 그램 13Z940-GT30K ,1238000,인텔 4세대 i3-4005U/4GB/128 SSD/Full HD 1920x1080/IPS화질/Win8.1,0,G4-003.jpg,,
G4-004,가전.컴퓨터,노트북.태블릿.데스크탑,소니,SVP13213CKS,1084000, i5-4200U(1.60) 4GB SSD128GB Intel® HD Graphics 4400 (33.7cm),0,G4-004.jpg,,
G4-005,가전.컴퓨터,노트북.태블릿.데스크탑,삼성전자,갤럭시 노트 프로 12.2 SM-P900,880000,32GB/와이파이전용(31cm),0,G4-005.jpg,,
G4-006,가전.컴퓨터,노트북.태블릿.데스크탑,포유컴퓨터,FYS-01,197000,인텔 3세대 아이비 G1630/2GB(DDR3)/500GB(SATA3)정품/인텔HD그래픽스/FREE-DOS,0,G4-006.jpg,,
G4-007,가전.컴퓨터,노트북.태블릿.데스크탑,포유컴퓨터,FYS-07,529000,인텔 4세대 하스웰 i5-4440/4GB(12800)/500GB(SATA3)정품/지포스정품GTX650/FREE-DOS,0,G4-007.jpg,,
G4-008,가전.컴퓨터,노트북.태블릿.데스크탑,삼성전자,아티브북9[NT905S3G-K1WD],990000,AMD Quad-Core Processor Customized for Samsung 4GB 128GB Windows 8.1 (64-bit),0,G4-008.jpg,,
G4-009,가전.컴퓨터,노트북.태블릿.데스크탑,HP,ENVY15-j154TX,1304000,(4세대 코어i7-4700MQ/39.6Cm(1920x1080)/4GB/1TB+24GB/GT840 2GB/윈도우8.1,0,G4-009.jpg,,
G4-010,가전.컴퓨터,노트북.태블릿.데스크탑,ASUS,쿼드코어 태블릿 ME173X-1A085A,190430,1280x800 IPS/GPS/WiFi/블루투스/microSD/전후면카메라/3950mAh,0,G4-010.jpg,,
G5-001,가전.컴퓨터,컴퓨터 주변기기.게임,씨게이트,Expansion Desktop Drive Gen2 5TB ,305000,8.89cm/5000GB/외장하드/3년AS/USB3.0/무광블랙,0,G5-001.jpg,,
G5-002,가전.컴퓨터,컴퓨터 주변기기.게임,COUP,휴대용 외장하드,167000,히트싱크 방식으로 냉각효과를 강화,0,G5-002.jpg,,
G5-003,가전.컴퓨터,컴퓨터 주변기기.게임,삼성전자,840 EVO SSD 120GB SATA3(6Gb/s)/,99000,TRIM 지원/GC 기능/Samsung 1x nm Toggle DDR 2.0 N,0,G5-003.jpg,,
G5-004,가전.컴퓨터,컴퓨터 주변기기.게임,LG전자,LG전자 SSD L500 128GB,95000,멀티플 레벨을 활용하여 한셀 당 2비트의 정보를 저장함.,0,G5-004.jpg,,
G5-005,가전.컴퓨터,컴퓨터 주변기기.게임,LG전자,J9 USB 3.0 메모리,12700,8GB,3000,G5-005.jpg,,
G5-006,가전.컴퓨터,컴퓨터 주변기기.게임,로지텍,무선키보드+무선마우스 K750r+M950,234000,키보드 + 마우스 특별 결합상품,0,G5-006.jpg,,
G5-007,가전.컴퓨터,컴퓨터 주변기기.게임,캐논,이코노믹 잉크 E510,110000,인쇄+복사+스캔 4800dpi 5-8.6ipm Full-HD동영상인쇄 자동사진보정,0,G5-007.jpg,,
G5-008,가전.컴퓨터,컴퓨터 주변기기.게임,삼성전자,스마트프린터 레이저 컬러 [SL-C413W],229000,분당 흑백 18매  컬러 4매 / 초소형 / 무선 지원 / NFC 지원,0,G5-008.jpg,,
G5-009,가전.컴퓨터,컴퓨터 주변기기.게임,EPSON,정품 무한공급 칼라 잉크젯 복합기 L355 ,276000,[인쇄+복사+스캔]/분당 33매/유.무선 네트워크/분당33장출,0,G5-009.jpg,,
G5-010,가전.컴퓨터,컴퓨터 주변기기.게임,소니,본체CUH-1005AB01+듀얼쇼크,567800,게이머 중심의 시스템 제공,0,G5-010.jpg,,
H1-001,가구.침구.인테리어,소파.침대.옷장,시스디자인,모던 307 PU가죽 3인 소파,428000,건조목 프레임  벨트  S자 스프림  독립형 포켓스프링  고탄력 스폰지,0,H1-001.jpg,,
H1-002,가구.침구.인테리어,소파.침대.옷장,블루밍홈,브리쉘 4인쇼파,492000,국내 최장길이 3m 57cm의 소파.,0,H1-002.jpg,,
H1-003,가구.침구.인테리어,소파.침대.옷장,마리나홈,파이브스타 인조가득 소파베드,169000,모던스타일 파이브스타 쇼파베드,0,H1-003.jpg,,
H1-004,가구.침구.인테리어,소파.침대.옷장,스트레스리스,리클라이너의자 Royal(로얄)-L / Paloma등급,2259000,부드러운 회전고리가 있어 360도 회전 가능.독서시 최상의 편안함 제공,0,H1-004.jpg,,
H1-005,가구.침구.인테리어,소파.침대.옷장,까사미아까사온,CASAON맨하탄 가죽헤드 침대,569000,텐셀 양모 라텍스 9존 독립스프링 매트리스-킹,0,H1-005.jpg,,
H1-006,가구.침구.인테리어,소파.침대.옷장,에몬스홈,리사 로맨틱 화이트 침대Q,697000,헤드보드 모양을 곣너형으로 처리하여 기대어 누웠을 시 더욱 편안함,0,H1-006.jpg,,
H1-007,가구.침구.인테리어,소파.침대.옷장,한샘,샘베딩 옷장세트 1600 행거형,337000,직접 디자인하듯 내 입맛에 딱 맞춘 다양한 내부구성 제공,0,H1-007.jpg,,
H1-008,가구.침구.인테리어,소파.침대.옷장,에넥스,데이지 붙박이장-360cm,958000,상/하부의 고급스러운 패턴과 실크유리 패턴으로 마무리된 고급 모던 스타일의 붙박이장,0,H1-008.jpg,,
H1-009,가구.침구.인테리어,소파.침대.옷장,모아이,로티 싱글 옷장풀세트,399000,옷장+3단서랍장+옷걸이 봉,0,H1-009.jpg,,
H1-010,가구.침구.인테리어,소파.침대.옷장,이케아,ANEBODA Wardrobe (White) 101.580.28,147000,,0,H1-010.jpg,,
H2-001,가구.침구.인테리어,책상.의자.식탁.싱크대,소프시스,위더스 컴퓨터책상1260,59900,컴퓨터와 주변기기들의 효율적 수납 가능,0,H2-001.jpg,,
H2-002,가구.침구.인테리어,책상.의자.식탁.싱크대,블루밍홈,네오와이드 책상800입식,26500,베이직한 디자인의 좌식 책상,3000,H2-002.jpg,,
H2-003,가구.침구.인테리어,책상.의자.식탁.싱크대,한샘,에디 챇아 1200(D580) 라운드형,74000,깔끔한 디자인으로 안정감있는 나만의 공간 구성,0,H2-003.jpg,,
H2-004,가구.침구.인테리어,책상.의자.식탁.싱크대,데코라인,요거트 전면책상,229000,북유럽풍 스타일리시한 다리와 화사한 베이지 색상 오크패턴 책장,0,H2-004.jpg,,
H2-005,가구.침구.인테리어,책상.의자.식탁.싱크대,리바트 이즈마인,프렌트 책상세트,228000,은은한 나무결이 뭍어나는 내추럴 오크 컬러와 화사한 아이보리 컬러 매치 책상,0,H2-005.jpg,,
H2-006,가구.침구.인테리어,책상.의자.식탁.싱크대,장인가구,베기스(Weggis) 1200 대형수납 전면형 책상세트 ,166500,고급스럽고 분위기있는 책장 베기스.,0,H2-006.jpg,,
H2-007,가구.침구.인테리어,책상.의자.식탁.싱크대,시디즈,TX200F 메쉬의자,197000,산뜻한 메쉬컬러  심플한 디자인으로 어떤 공간에서나 누구에게나 어울리는 TAB시리즈.,0,H2-007.jpg,,
H2-008,가구.침구.인테리어,책상.의자.식탁.싱크대,듀오백,DK-3600B/인조가죽 의자,198000,고객의 생활까지 편안하고 세련되게 디자인해줌.,0,H2-008.jpg,,
H2-009,가구.침구.인테리어,책상.의자.식탁.싱크대,에넥스,라미스 대리석 다용도 테이블,65800,인조대리석과 라미스의 플러쉬 공법으로 제작된 고급 테이블,0,H2-009.jpg,,
H2-010,가구.침구.인테리어,책상.의자.식탁.싱크대,마켓비,HEMNES Table Black-brown,73800,간결하게 절제된 디자인으로 오랫동안 사용해도 질리지 않는 HEMNES Table,0,H2-010.jpg,,
H3-001,가구.침구.인테리어,침구류,올리비아데코,디나 면리플 엠보 패턴 홑이불(S),12900,자연스러운 컬러감과 네츄럴한 매력이 돋보임.,3000,H3-001.jpg,,
H3-002,가구.침구.인테리어,침구류,주호데코,파스텔 리플 홑겹이불 (160x210),36400,파스텔 칼라의 솔리드 리플 원단으로 제작한 리플홑겹이불,0,H3-002.jpg,,
H3-003,가구.침구.인테리어,침구류,위드인하우스,아네스 여름 누비이불,182000,누비이불/2인용/광목면/네츄럴아이보리,0,H3-003.jpg,,
H3-004,가구.침구.인테리어,침구류,르헤브,리프 엠보 홑이불,19900,얇고 가벼우며 땀흡수가 빨라 시원함. 촉감이 부드러워 살에 달라붙지 않음.,3000,H3-004.jpg,,
H3-005,가구.침구.인테리어,침구류,쁘리엘르,마일드 아사 피그먼트 패드겸이불150x200,29900,앞 뒤 모두 면 100%의 부드러운 순면.,3000,H3-005.jpg,,
H3-006,가구.침구.인테리어,침구류,아이르,피그먼트 누비이불,32000,패드 스타트 5color 대형(150*200),0,H3-006.jpg,,
H3-007,가구.침구.인테리어,침구류,헬렌스타인,독일 극세사 다운필 베개 2개 세트,32900,모던함과 순사함을 기본 컨셉으로 한 고급스러운 잠자리 제공.,0,H3-007.jpg,,
H3-008,가구.침구.인테리어,침구류,템퍼,밀레니엄 베게 XS,139500,둥글게 처리된 모서리로 어떤 수면 자세에도 적절한 지지력 제공.,0,H3-008.jpg,,
H3-009,가구.침구.인테리어,침구류,텐바이텐,보웰 이중거즈 티니도트 블랑켓,28000,감각적인 모던 스타일에 깊고 풍부한 컬러가 조화됨.,3000,H3-009.jpg,,
H3-010,가구.침구.인테리어,침구류,위드인하우스,더스타즈 비치타월,14400,면/75x140/미국국기,3000,H3-010.jpg,,
H4-001,가구.침구.인테리어,커튼.카페트.인테리어,올리비아데코,스칸디 순면 거실커튼세트(400x230),44900,프랑스의 모던함과 순수한 느낌이 살아있음.,0,H4-001.jpg,,
H4-002,가구.침구.인테리어,커튼.카페트.인테리어,라니아,밀키 쉬폰 커튼(280x230)[커튼2장+커튼끈],29900,경쾌한 컬러감과 화사함으로 미리보는 봄의 느낌 제공.,3000,H4-002.jpg,,
H4-003,가구.침구.인테리어,커튼.카페트.인테리어,아망떼,디아스 아일렛 3중직 암막 커튼 225x232,23900,심플한 디자인의 아일렛 암막커튼,3000,H4-003.jpg,,
H4-004,가구.침구.인테리어,커튼.카페트.인테리어,퀸스홈,[25mm] 스위티 커튼봉 10호(150cm~300cm),17800,,3000,H4-004.jpg,,
H4-005,가구.침구.인테리어,커튼.카페트.인테리어,보몽드,블랙/그레이 카페트,29800,북유럽스타일 나만의 개성있는 스타일 카페트 블랙,3000,H4-005.jpg,,
H4-006,가구.침구.인테리어,커튼.카페트.인테리어,한일카페트,정품 원목 우드카페트 180x240cm,270000,자연의 숨결이 그래도 살아있는 품질 좋은 우드 카페트,0,H4-006.jpg,,
H4-007,가구.침구.인테리어,커튼.카페트.인테리어,리빙데코,로얄슈페리어 러그카페트 170*230cm,209000,마이크로화이브원단으로 제작된 고급 러그.,0,H4-007.jpg,,
H4-008,가구.침구.인테리어,커튼.카페트.인테리어,어반홈,포스트 파리 광목100% 카페트겸 패드 중형(150x200),79900,100% 광목 면으로 완성된 카페트 겸 패드. 충전재 내재.,0,H4-008.jpg,,
H4-009,가구.침구.인테리어,커튼.카페트.인테리어,레온,HG 북유럽풍 하우스 착번 카페트(200*250),72900,면소재의 부드러운 촉감. 피부에 자극을 주지 않음.,0,H4-009.jpg,,
H4-010,가구.침구.인테리어,커튼.카페트.인테리어,천이백엠,샤블리 레드샤벳 50mm 샤기 카페트 160x230cm,395000,긴 파일이 풍성함과 여유로움을 주는 스타일의 카페트,0,H4-010.jpg,,
H5-001,가구.침구.인테리어,아동.수납.사무가구,도노코코,쿠키 3X3 수납장(믹스),167000,상단이 라운드처리. 모든 스마일박스에 뚜껑 포함.,0,H5-001.jpg,,
H5-002,가구.침구.인테리어,아동.수납.사무가구,나무앤소르니아,[나무&]원목 애플 베이비 옷장,343000,인체에 유익한 원적외선을 방출.,0,H5-002.jpg,,
H5-003,가구.침구.인테리어,아동.수납.사무가구,에보니아,케빈 이층침대 ,942000,실용적이면서 합리적인 원목 이층침대,0,H5-003.jpg,,
H5-004,가구.침구.인테리어,아동.수납.사무가구,미즌하임 니즈,로잔 거실장세트(화이트)/,1129000,TV장/화이트거실장/TV다이,0,H5-004.jpg,,
H5-005,가구.침구.인테리어,아동.수납.사무가구,우아미ON,프리미엄 모뉴엘 확장형 무늬목거실장,399800,고급스러운 무늬목의 색감을 고급스러움을 표현하고 있음.,0,H5-005.jpg,,
H5-006,가구.침구.인테리어,아동.수납.사무가구,마켓비,HELMER 6 Drawers 3종,40500,작지만 실용적인 아이템. 수납력과 경제적인 가격이 일품.,0,H5-006.jpg,,
H5-007,가구.침구.인테리어,아동.수납.사무가구,디자인벤처스,콜린스빈티지 와이드체스트,861000,정교한 몰딩 형태의 프레임에 엔틱 터치 도장을 한 중후한 디자인이 매력적임.,0,H5-007.jpg,,
H5-008,가구.침구.인테리어,아동.수납.사무가구,우아미가구,우아미 5단 서랍장,130000,서랍 내부에 철레일과 스토퍼를 사용하여 안전성이 뛰어남,0,H5-008.jpg,,
H5-009,가구.침구.인테리어,아동.수납.사무가구,디자인크럽니즈,데이지 거실장 1500,299000,TV다이/TV장,0,H5-009.jpg,,
H5-010,가구.침구.인테리어,아동.수납.사무가구,리바트 이즈마인,웍스 1800 회의 테이블,218000,딱딱한 사무공간과 편안한 휴식공간의 경계를 허물며 자유롭지만 정제된 분위기 연출.,0,H5-010.jpg,,
I1-001,주방.생활.건강,바디.욕실용품,동양하드웨어,욕실문 보호대,3000,썩고 곰팡이나고 더러운 욕실문을 간단히 수리할 수 있습니다.,0,I1-001.jpg,,
I1-002,주방.생활.건강,바디.욕실용품,리빙 C&P,비누선반,2500,재질: 스텐레스+플라스틱/ 구성:비누선반+흡착판1개,0,I1-002.jpg,,
I1-003,주방.생활.건강,바디.욕실용품,리빙 C&P,치약+칫솔+컵꽃이,2000,재질: 스텐레스+플라스틱/ 구성:선반+흡착판2개,0,I1-003.jpg,,
I1-004,주방.생활.건강,바디.욕실용품,창신리빙,강력흡착 샤워걸이,3500,못없이 사용가능한 강력흡착 샤워걸이입니다.,0,I1-004.jpg,,
I1-005,주방.생활.건강,바디.욕실용품,㈜하이웰,터치미치약짜개,27000,자동치약 터치미는 진공펌프원리를 응용하여 토출하는 상품입니다. 주거문화의 고급화된 편리함과 욕실의 정리정돈과 즐거운 분위기를 연출해 줍니다.,1000,I1-005.jpg,,
I1-006,주방.생활.건강,바디.욕실용품,영일,손잡이 샴푸대,1500,얕은 선반은 비누선반으로 깊은 선반은 샴푸나 세제등을 넣고 쓰실 수 있습니다.,0,I1-006.jpg,,
I1-007,주방.생활.건강,바디.욕실용품,마루매트,논슬립 미끄럼방지매트,7900,친환경첨가제를 사용하여 건강하고 편안한 매트입니다,0,I1-007.jpg,,
I1-008,주방.생활.건강,바디.욕실용품,승일유통,뻥투,3000,양변기라면 어디든지 사용하는 스티커 압축 뚫어뻥!,0,I1-008.jpg,,
I1-009,주방.생활.건강,바디.욕실용품,3M,Scotch-Brite 청소용품,15000,3M에서 제공하는 다양한 청소도구,500,I1-009.jpg,,
I1-010,주방.생활.건강,바디.욕실용품,이다음,디스카운트변기커버,6900,가죽 질감으로 부드럽고 안락한 촉감을 체험하실 수 있습니다.,0,I1-010.jpg,,
I2-001,주방.생활.건강,생활용품,위드씨엔에스,키보드선반/수납보드,42000,문서를 더 쉽게 보고 메모와 사진을 바로 앞에 나열하며 스마트폰도 충전할 수 있습니다.,2000,I2-001.jpg,,
I2-002,주방.생활.건강,생활용품,DS일렉,피톤치드 복합 공기청정기,59000,공기정화에 꼭 필요한 필터와 피톤치드만이 적용된 제품,3000,I2-002.jpg,,
I2-003,주방.생활.건강,생활용품,퍼펙트클린,아이탑패드,47000,바닥에 있는 방진고무가 진동과 소음을 잡아줍니다,3000,I2-003.jpg,,
I2-004,주방.생활.건강,생활용품,봉주르하우스,행거,70000,철제 제품으로 오래 사용할 수 있고 장식을 사용하여 집안의 인테리어 효과,2000,I2-004.jpg,,
I2-005,주방.생활.건강,생활용품,또봇파워,크루즈 배식판,13000,어린이용 또는 다이어트용으로 사용할 수 있는 식판,0,I2-005.jpg,,
I2-006,주방.생활.건강,생활용품,니드,솔리드 등받이의자 12p,148000,컬러풀한 디자인에 지압처리되어 있으며 등받이가 있어 편한의자,0,I2-006.jpg,,
I2-007,주방.생활.건강,생활용품,2IN1트렁크,유아용 캐리어,60000,유아용 여행용 가방으로 튼튼하고 아기자기한 디자인으로 바퀴가 있어서 승용완구도 됩니다,0,I2-007.jpg,,
I2-008,주방.생활.건강,생활용품,비욘드,키즈용 로션/샴푸,10400,씨앗과 새싹의 신비로운 초록 성분을 듬뿍 담은 에코 쉴드 포뮬러,0,I2-008.jpg,,
I2-009,주방.생활.건강,생활용품,부긴헤드,다용도 클립 만능걸이 유아용품,21900,아이들을 위한 치발기 홀더 ,0,I2-009.jpg,,
I2-010,주방.생활.건강,생활용품,Beb다,유선형 젖병,9000,물통 손잡이 구강용품 유아생활용품 유아 식기,0,I2-010.jpg,,
I3-001,주방.생활.건강,주방.식기,디허브,화이트-빨래건조대,8900,빨래도 말리고 가습효과까지,0,I3-001.jpg,,
I3-002,주방.생활.건강,주방.식기,플러스생활,싱크대물막이,9700,친황경 재료로 만들고 부드러운 연질의 PVC재질로 손이나 팔에 닿아도 안심,100,I3-002.jpg,,
I3-003,주방.생활.건강,주방.식기,하이미,원목 접시꽂이,6900,100% 순수 대나무 원목의 자연스러움을 그대로 살린 인기제품,0,I3-003.jpg,,
I3-004,주방.생활.건강,주방.식기,아이리드몰,선반대 수납,20000,클린 다용도 폭조절 압축선반,100,I3-004.jpg,,
I3-005,주방.생활.건강,주방.식기,슈퍼킹,키친타올걸이,12000,굴곡이 있는 타일에도 부착가능,0,I3-005.jpg,,
I3-006,주방.생활.건강,주방.식기,골드로즈,스퀘어 쟁반,5900,견고한 멜라민수지로 제작된 쟁반,0,I3-006.jpg,,
I3-007,주방.생활.건강,주방.식기,대코,스텐다드용도건지기,9000,견고한 스테인리스 재질로 제작,0,I3-007.jpg,,
I3-008,주방.생활.건강,주방.식기,센스토어,와인건지기,10000,다용도로 쓰이는 와인건지기,0,I3-008.jpg,,
I3-009,주방.생활.건강,주방.식기,리빙월드,보인보냉물통,74000,최고 재질인 국내산 304스텐으로 제작하여 녹슬지 않고 인체에 무해,2000,I3-009.jpg,,
I3-010,주방.생활.건강,주방.식기,대코,다용도 야채망,10000,통풍이 잘되어 보관이 용이하고 손쉽게 걸어 사용가능,100,I3-010.jpg,,
I4-001,주방.생활.건강,건강관리.실버,힐링스톤,황금견운모 헬씨벨트,190000,천연광물인 견운모로 제작하여 원적외선 방사능력이 탁월,5000,I4-001.jpg,,
I4-002,주방.생활.건강,건강관리.실버,키프트캔,만보기 5개,6000,웰빙시대 건강 필수품 ,0,I4-002.jpg,,
I4-003,주방.생활.건강,건강관리.실버,벅스락,6개 아로마 방향제 밴드,12000,순 식물성 정유로 만든 천연 방향제 밴드,1000,I4-003.jpg,,
I4-004,주방.생활.건강,건강관리.실버,와트너,초 간편 사마귀 제거기,30000,사마귀의 핵을 냉동시켜 피부와함께 떨어지면서 새살이 돋아나게 하는 방식의 의료기기,2000,I4-004.jpg,,
I4-005,주방.생활.건강,건강관리.실버,오즈헬스링,게르마늄 팔찌 목걸이세트,99000,게르마늄함량을 늘려 진정한 효능을 느끼실 수 있는 제품,4000,I4-005.jpg,,
I4-006,주방.생활.건강,건강관리.실버,올마트,발 마사지 효도선물,12000,가정이나 사무실 등 시원한 발마사지를 간편하게 쉽게 받을 수 있습니다.,1000,I4-006.jpg,,
I4-007,주방.생활.건강,건강관리.실버,페이버,건강 자석팔찌,20000,바이오 세라믹 기술을 바탕으로 신체의 기를 살려줌,2000,I4-007.jpg,,
I4-008,주방.생활.건강,건강관리.실버,포드림,디지털 체중계,11500,자동측정센서/고강도강화유리,0,I4-008.jpg,,
I4-009,주방.생활.건강,건강관리.실버,발바로,엄지소지고정,34000,쉽고 간편하게 발가락 변형이 심해지는 것을 예방교정,0,I4-009.jpg,,
I4-010,주방.생활.건강,건강관리.실버,헬스원산업,국산 발지압매트,11800,자연의 5가지 자갈을 모방하여 인조자갈에 천연옥을 첨가,0,I4-010.jpg,,
I5-001,주방.생활.건강,악기,리락쿠마,리코더,17000,아이들의 안전을 생각한 소프트케이스,0,I5-001.jpg,,
I5-002,주방.생활.건강,악기,삼익악기,박자기,31500,고전적인 메트로놈의 디자인,2000,I5-002.jpg,,
I5-003,주방.생활.건강,악기,포드림,악보보면대,5900,음악연주시 편리하게 악보를 보세요,0,I5-003.jpg,,
I5-004,주방.생활.건강,악기,뮐러악기,전자피아노,51500,100가지 음색과 100가지 리듬,0,I5-004.jpg,,
I5-005,주방.생활.건강,악기,소니,홈 네트워크 스피커,700000,소니 오디오의 빛나는 결정체,10000,I5-005.jpg,,
I5-006,주방.생활.건강,악기,구넷,블루투스 스피커,64000,방수용 블루투스 스피커,0,I5-006.jpg,,
I5-007,주방.생활.건강,악기,오피스존,실로폰 멜로디언,14000,컬러풀한 디자인의 실로폰,0,I5-007.jpg,,
I5-008,주방.생활.건강,악기,JOYO,조율기,19800,모든악기 조율가능,1000,I5-008.jpg,,
I5-009,주방.생활.건강,악기,뮐러악기,키보드의자,19200,키보드/피아노겸용 다용도의자,1000,I5-009.jpg,,
I5-010,주방.생활.건강,악기,이뽀나몰,핸드벨 8pcs,19900,유치원생 및 초등학생들의 음악교육 및 연주 연습활동,0,I5-010.jpg,,
J1-001,식품,신선식품(쌀.야채),함평군농협,함평쌀20kg,50350,[함평농협] 2013년 쌀통에 담아먹는 함평쌀 20kg (포장 無 택배전용),0,J1-001.jpg,,
J1-002,식품,신선식품(쌀.야채),두보식품,생귀리가루 500g,6500,국산이라 좋고 영양 많아 좋은 귀리가루,0,J1-002.jpg,,
J1-003,식품,신선식품(쌀.야채),올가니카,볶은레드퀴노아 400g,36480,프리미엄 홀푸드,1000,J1-003.jpg,,
J1-004,식품,신선식품(쌀.야채),두보식품,영양맛찰밥 800g,5400,7가지 곡물에 고구마 단호박 밤 은행을 넣어 만든 영양밥,0,J1-004.jpg,,
J1-005,식품,신선식품(쌀.야채),대왕님표,여주쌀 10kg,32775,2013년산 경기도 여주군에서 생산함,1000,J1-005.jpg,,
J1-006,식품,신선식품(쌀.야채),E-MART FRESH,백다다기 오이,390,엽록소와 비타민C/칼륨을 함유한 저칼로리 식품,0,J1-006.jpg,,
J1-007,식품,신선식품(쌀.야채),CJ,오리엔탈 소스 모닝 두부,1650,한끼용으로 좋고 샐러드 드레싱에 곁들이면 굿,0,J1-007.jpg,,
J1-008,식품,신선식품(쌀.야채),평창군 농협,완두콩 2kg,16300,강원도 평창 동글동글 완두콩,0,J1-008.jpg,,
J1-009,식품,신선식품(쌀.야채),E-MART FRESH,머쉬마루 버섯,2780,판매단위가 봉인 머쉬마루,0,J1-009.jpg,,
J1-010,식품,신선식품(쌀.야채),CJ,친환경 콩나물,1280,행복산 콩 제주산 콩 친환경 콩나물,0,J1-010.jpg,,
J2-001,식품,신선식품(과일),국내산,당도선별수박,13500,9~10kg,0,J2-001.jpg,,
J2-002,식품,신선식품(과일),골라담기,예스방울토마토,8900,고당도 예스방울 토마토 750g,0,J2-002.jpg,,
J2-003,식품,신선식품(과일),메이빌,영동포도,25800,메이빌 영동포도 1.5kg/4~5송이,2000,J2-003.jpg,,
J2-004,식품,신선식품(과일),골라담기,세지메론,17800,세지메론 1.3kg내외(개당),1000,J2-004.jpg,,
J2-005,식품,신선식품(과일),한국씨엔에스,흑토마토,34800,달고 맛나는 흑토마토,3000,J2-005.jpg,,
J2-006,식품,신선식품(과일),필리핀,일반바나나,3300,일반바나나 1.1kg~1.3kg,0,J2-006.jpg,,
J2-007,식품,신선식품(과일),E-MART FRESH,당찬사과,7900,국내산 당찬사과 4~7입/봉,0,J2-007.jpg,,
J2-008,식품,신선식품(과일),E-MART FRESH,블루베리,9980,미국산 냉동 블루베리 1.3kg/봉,0,J2-008.jpg,,
J2-009,식품,신선식품(과일),E-MART FRESH,흑피 수박,12700,국내산 씨없는 고당도 흑피 수박 9kg,0,J2-009.jpg,,
J2-010,식품,신선식품(과일),제스프리,골드키위,12000,제스프리 뉴질랜드 골드키위(8~10입),0,J2-010.jpg,,
J3-001,식품,가공식품,오뚜기,스낵면,2000,스낵면 108g(5개),100,J3-001.jpg,,
J3-002,식품,가공식품,CJ,스팸,15980,스팸 클래식(340g*3입) 1020g,1500,J3-002.jpg,,
J3-003,식품,가공식품,이마트,손짬뽕,1300,신제품 손짬뽕 115g,0,J3-003.jpg,,
J3-004,식품,가공식품,빙그레,바닐라라떼,1000,아카페라 바닐라 라떼 240ml,0,J3-004.jpg,,
J3-005,식품,가공식품,PEACOCK,우유,2900,저온살균 우유 1000ml,0,J3-005.jpg,,
J3-006,식품,가공식품,삼다수,물,910,삼다수 2.0L(1입 낱개상품),0,J3-006.jpg,,
J3-007,식품,가공식품,Maxim,커피,25900,모카골드 마일드 커피믹스 ,0,J3-007.jpg,,
J3-008,식품,가공식품,골라담기,요플레,4980,요플레 7가지중 10개,0,J3-008.jpg,,
J3-009,식품,가공식품,농심,신라면,3170,신라면 (120g 5입),0,J3-009.jpg,,
J3-010,식품,가공식품,매일,분유,62300,앱솔루트 엄마가 만든 명작 3단계,0,J3-010.jpg,,
J4-001,식품,즉석식품,종가집,배추김치,53000,아삭무 배추김치 6.8kg,5000,J4-001.jpg,,
J4-002,식품,즉석식품,CJ 프레시안,소시지,6980,그릴 비엔나 소시지 360g,1000,J4-002.jpg,,
J4-003,식품,즉석식품,피코크,새우볶음밥,7980,새우볶음밥 840g,1000,J4-003.jpg,,
J4-004,식품,즉석식품,CJ,군만두,4000,백설 군만두 400g,0,J4-004.jpg,,
J4-005,식품,즉석식품,CJ,잡채군만두,4000,잡채군만두 400g,0,J4-005.jpg,,
J4-006,식품,즉석식품,부어스트,소시지,6950,다양한 맛을 즐기는 콤비네이션,0,J4-006.jpg,,
J4-007,식품,즉석식품,이마트,너겟,10500,이마트가 직접 수입한 치킨 너겟 1kg,0,J4-007.jpg,,
J4-008,식품,즉석식품,목우촌,소시지,6600,주부9단 프랑크소시지 500g,0,J4-008.jpg,,
J4-009,식품,즉석식품,피코크,커틀렛,10500,미니 생선커틀렛 600g,0,J4-009.jpg,,
J4-010,식품,즉석식품,해팅,샌드위치,5900,햄크로아싱 샌드위치 200g,0,J4-010.jpg,,
J5-001,식품,건강.다이어트식품,정관장,홍삼정,99000,6년근 홍상점 240G,2000,J5-001.jpg,,
J5-002,식품,건강.다이어트식품,바른길,메밀과자,1980,웰빙 메밀과자 110g,300,J5-002.jpg,,
J5-003,식품,건강.다이어트식품,이마트,비타민,9900,비타민C 1000 200정,400,J5-003.jpg,,
J5-004,식품,건강.다이어트식품,바른길,오곡과자,1980,무농약 웰빙 오곡과자 110g,100,J5-004.jpg,,
J5-005,식품,건강.다이어트식품,종근당,벌꿀,35800,프리미엄 아카이사 벌꿀 800g,0,J5-005.jpg,,
J5-006,식품,건강.다이어트식품,비엔허브,삼계탕,5180,국물이 잘 우러나오는 삼계탕재료,0,J5-006.jpg,,
J5-007,식품,건강.다이어트식품,청오,미숫가루,19600,무농약 미숫가루 1kg 2개,0,J5-007.jpg,,
J5-008,식품,건강.다이어트식품,웨이더,단백질,45000,웨어더 플러스 단백질 2정,0,J5-008.jpg,,
J5-009,식품,건강.다이어트식품,비타민하우스,다이어트식품,19900,다이어트 쉐이크 쿠키앤크림 750g,0,J5-009.jpg,,
J5-010,식품,건강.다이어트식품,발포,다이어트식품,20000,가르시니아 다이어트 레몬맛 1박스,2400,J5-010.jpg,,
