item_id,upper_category,sub_category,brand,things,price,description,delivery_charge,picture_url,qty
A1-001,화장품,스킨케어,로레알 파리,이드라후레쉬 수분크림 레노,51000,건강하고 생기 넘치는 촉촉한 피부를 위해 여러분도 이드라 후레쉬 수프림 에멀전으로 건강하고 생기 넘치는 피부를 경험해보세요. ,0,A1-001.jpg,1
A1-002,화장품,스킨케어,라네즈,워터뱅크모이스춰크림 50ML,35000,강력한 수분 공급 효과와 풍부한 사용감. 피부 턴 오버에 도움을 주는 미네랄 워터와 수분 순환을 도와주는 워터펌프 시스템 ,2500,A1-002.jpg,1
A1-003,화장품,스킨케어,클라란스,하이드라퀀치 멜트 4종 세트,60000, 피부를 촉촉하게 하는 알로에베라 민감성 토너 피부는 촉촉하고 부드러워지며 PH 발란스를 유지해줍니다. 촉촉한 피부로 유지해주는 수분 에센스 피부 유수분 밸런스룰 유지하여 피부를 촉촉하게 유지해 줍니다. 3중 보호 작용 자외선 차단제 도시생활에 필요한 이상적인 3중 보호막을 형성하여 색소 침착 방지에 도움을 줍니다. 3중 보호 작용 자외선 차단제 도시생활에 필요한 이상적인 3중 보호막을 형성하여 색소 침착 방지에 도움을 줍니다.,0,A1-003.jpg,1
A1-004,화장품,스킨케어,빌리프,더 트루 크림 모이스춰라이징 밤 세트,38000,강력한 보습효과의 Comfrey Leaf와 Napiers moisture formula가 함유되어 부드럽고 촉촉한 피부로 가꾸어주는 지속 효과의 크림입니다. ,2000,A1-004.jpg,1
A1-005,화장품,스킨케어,비오템,아쿠아수르스 수분크림 점보 125ml 세트,77000,특허 보습 성분 마노스가 함유되어 차원이 다른 깊은 보습을 선사하는 비오템의 셀러 수분 크림 차세대 보습 성분 마노스가 피부 깊숙이 수분을 공급하여 48시간 동안 수분감을 지속 시켜 줍니다. 산뜻한 텍스처로 한 번 발라도 다섯 번 바른 것처럼 깊은 촉촉함을 선사합니다. (중복합용 젤 타입),0,A1-005.jpg,1
A1-006,화장품,스킨케어,키엘,NEW 쿨링 수분 젤 크림 125ml 점보 사이즈 세트,68400,바르는 즉시 피부 온도를 낮추며 쿨하게 수분을 채우고 산뜻하게 피지를 잡아주는 신제품 쿨링 수분 젤 크림의 대용량 한정판입니다.  빙하 당단백질 추출물과 사막 식물 추출물이 피부에 촉촉한 수분을 공급합니다. 키엘만의 보습 컨디셔너 성분이 피부 표면의 피지와 결합하여 번들거리지 않게 케어 해 주며 맨톨 유도체가 상쾌하고 시원한 쿨링 효과를 주어 피부를 진정시켜 줍니다. 또한 마일드 포뮬라가 피부를 편안하게 해 줍니다. (알러지 테스트 완료 모공을 막고 트러블을 유발하지 않는다고 확인된 논 코메도제닉 테스트 완료),0,A1-006.jpg,1
A1-007,화장품,스킨케어,설화수,탄력크림 세트,91000,의이인 성분이 피부를 맑게 하고 은행잎 성분이 피부를 탄력있게 가꾸어 줍니다. 피부에 착 감기듯이 기분 좋게 밀착되어 피부를 안팎으로 탄탄하게 잡아줍니다.,0,A1-007.jpg,1
A1-008,화장품,스킨케어,에스케이투,스템파워 크림 80g 세트,170000,SK-II만의 스템파워 테크놀로지가 피부 탄력의 근원에 작용하여 10일 후 촉촉함 탄력 줄어 보이는 모공까지 속부터 어려진 동안 피부로 케어 해 주는 촉촉하고 산뜻한 타입의 크림입니다.,0,A1-008.jpg,1
A1-009,화장품,스킨케어,오휘,하이드라포뮬라 바이탈 젤크림세트,63000,녹아들듯 스며드는 강력한 보습 공급으로 바르는 즉시 물머금은듯 투명한 피부로 가꾸어주는 젤 포뮬러 보습 크림입니다.,0,A1-009.jpg,1
A1-010,화장품,스킨케어,프리메라,알파인 베리 워터리 크림 세트,35000,알파인 스트로베리와 알로에 베라 잎 추출물이 피부에 풍부한 수분을 공급하며 비타민C 케라티노이트 성분을 함유한 파파야 열매 추출물이 피부에 생기를 부여하는 크림,2000,A1-010.jpg,1
A2-001,화장품,메이크업,헤라,UV 미스트쿠션 AD 리필 2입 세트,38000,  미스트+파운데이션+선블록+미백+쿨링의 5가지 기능이 촉촉한 광채 피부를 연출하는 멀티 선블록 파운데이션,0,A2-001.jpg,1
A2-002,화장품,메이크업,안나수이,로즈 치크 컬러,21500,4가지 컬러 모두 믹스하여 터치할 경우 동양인 피부에 맞는 자연스러운 컬러 연출 가능. ,2000,A2-002.jpg,1
A2-003,화장품,메이크업,메이크업 포에버,프로피니쉬 세트,53200,멀티&이지&퀵. 즉각적인 결광효과. 트리플로 지켜주는 촉촉함. ,0,A2-003.jpg,1
A2-004,화장품,메이크업,베네피트,올스타 키트(All Star Kits),45600,밝고 환한 얼굴로 여성미를 강조하고 싶다면 브라이트 메이크업이 가능한 제품들로 구성된 ‘두 더 브라이트 씽’을 결점 없이 완벽한 피부와 메이크업의 지속력과 밀착력을 높이고 싶다면 베이스 메이크업 제품들로 알차게 구성된 ‘프림핑 위드 더 스타스’를 건강한 피부와 365일 휴양지에서 뜨거운 태양 아래 있는 기분을 만끽하고 싶다면 당신을 고급스럽게 그을린 피부의 브론즈 챔피언으로 연출해 줄 ‘더 브론즈 오브 챔피온스’를 추천합니다.,0,A2-004.jpg,1
A2-005,화장품,메이크업,디올,디올 어딕트 립 글로우 컬러 어웨이크닝 립밤 코랄 (3.5g),38000,하루종일 입술을 생기 있고 촉촉하게 지속해주는 디올의 아이코닉한 디올 어딕트 립 글로우가 코랄 컬러로 선보입니다. 2014년 트리아농 컬렉션에서만 익스클루시브로 선보이는 모든 입술에 사용 가능한 이 립밤은 반짝이는 봄 햇살을 입술에 새긴 듯한 아름다운 컬러를 선사하며 자연스러운 생기로 물들여줍니다.,2500,A2-005.jpg,1
A2-006,화장품,메이크업,에스티 로더,퓨어 칼라 5색 아이섀도우 팔레트 (7.6g),65000,풍부하고 다양한 컬러가 조화된 아이섀도우 팔레트 자연스런 룩에서부터 강렬한 눈매까지 다양한 메이크업을 연출할 수 있습니다. 매력적이고 풍부한 컬러들과 텍스처의 조화로 다양한 아이메이크업이 가능합니다. 한 번의 터치로도 선명하게 발색되는 컬러와 뛰어난 지속력을 제공합니다.,0,A2-006.jpg,1
A2-007,화장품,메이크업,슈에무라,크림 아이섀도우,26600,펄과 매트 두 가지 질감의 부드럽게 미끄러지는 크림 타입 아이 섀도우. 아이 메이크업 테크닉이 부족해 고민하는 메이크업 초보를 위한 슈에무라의 제안. 펄과 매트 두 가지 질감의 부드럽게 미끄러지는 크림 타입 아이 섀도우. ,0,A2-007.jpg,1
A2-008,화장품,메이크업,맥,플레이랜드 립스틱,27000,다양한 컬러와 텍스처로 어디서든 돋보이는 룩을 연출할 수 있는 맥에서 가장 유명한 제품,0,A2-008.jpg,1
A2-009,화장품,메이크업,샤넬,루쥬 알뤼르 3.5g,40000,욕망의 대상이라 불리는 루쥬 알뤼르는 심플하고 럭셔리하며 동시에 모던합니다. 샤넬이 재해석한 영원히 여성적인 제스처. 이 유혹을 부르는 클릭은 즉흥적인 터치업의 순간조차 관능적으로 표현하도록 합니다. 한 번의 클릭으로 립스틱은 모습을 드러내며 입술에 바를 준비를 하게 됩니다. 진정한 뷰티 액세서리인 루쥬 알뤼르는 스스로를 보고 또 타인에게 보여지기를 원하는 당신의 욕망을 자극합니다. 루쥬 알뤼르는 당신의 매력을 위한 럭셔리 아이템이 될 것입니다.,0,A2-009.jpg,1
A2-010,화장품,메이크업,바닐라코,플래쉬 볼륨&스키니 듀얼 마스카라,18000,소프트 피넛 볼륨 브러쉬와 슬림 마이크로 브러쉬로 볼륨 컬링 롱래쉬까지 빈틈없는 속눈썹을 연출하는 듀얼 마스카라,2500,A2-010.jpg,1
A3-001,화장품,향수,샤넬,N°5 오 드 빠르펭 스프레이 50ML,141000,훌로랄-알데하이드 정의할 수 없는 여성다움을 표현하는 가상의 꽃다발. 우아하고 매혹적이며 현대적인 시간을 초월하는 향수입니다. 'N°5 오 드 퍼퓸'은 단지 향의 농도만을 달리 한 것이 아닌 본래의 향이 추구하는 바와 베이스 노트에 충실하면서 한편으로 새로움을 추구한 향의 새로운 해석입니다.,0,A3-001.jpg,1
A3-002,화장품,향수,필로소피,어메이징 그레이스 향수 (60ml) 세트,69000,자몽향으로 시작되는 너무나도 유혹적인 블렌딩으로 오감을 만족시킵니다. 거부할 수 없을 만큼 부드럽고 청결한 후리지아의 향 그리고 머스크가 고유의 클래식한 미와 함께 지속됩니다. ,0,A3-002.jpg,1
A3-003,화장품,향수,랑방,잔느 쿠튀르버디 에디션 (100ml),47000,파라다이스의 새를 떠올리는 파스텔 컬러의 깃털로 디자인된 패키지와 프루티 플로럴 향조의 부드럽고 숨결같이 섬세한 감각의 향이 파라다잉스 신기루로 초대한다. ,0,A3-003.jpg,1
A3-004,화장품,향수,페라리,스쿠데리아 페라리 라이트에센스 125ml 세트(+립밤/샘프2종),44500,프레쉬하고 라이트한 향취로 탄생한 페라리 라이트 에센스 페라리의 강력한 브랜드 파워에 대중적으로 인기 있는 프레쉬한 향취 계열을 조화시켜 큰 성공을 거두고 있다.,0,A3-004.jpg,1
A3-005,화장품,향수,조르지오 아르마니,아쿠아디지오 옴므 오 드 뚜왈렛 (100ml),87400,상쾌한 바다와 따뜻한 태양 그리고 비옥한 땅에 영감을 받아 탄생한 가볍고 우아한 향수 아쿠아틱한 아로마 향이 베르가모트 네롤리 그린 텐저린과 어울려 후레시합니다. 가벼운 아쿠아 뉘앙스는 자스민 장미 로즈마리 인도네이사 파출리 향과 어우러져 후레시하면서도 육감적인 남성적 향수를 만들어냅니다.,0,A3-005.jpg,1
A3-006,화장품,향수,딥티크,오에도 오 드 뚜왈렛 100ml,175000,뿌리는 즉시 상쾌하고 생동감 있는 레몬과 시원하고 약간 스파이시한 만다린의 향을 먼저 느낄 수 있으며 여기에 풍부하고 따뜻한 백리향이 전해집니다. ,0,A3-006.jpg,1
A3-007,화장품,향수,시슬리,오 뜨로삐깔 50ml,99000,강렬하고 황홀한 마성의 튜베로즈 향. 그러나 조향사는 이 치명적인 꽃을 터키 로즈와 섬세한 바이올렛 향으로 순화시켜 독특하면서 공기처럼 생기 넘치고 가벼운 향으로 그려냅니다. 기쁘고 젊음이 넘치며 컬러풀한 오 뜨로삐깔은 아름다운 자연의 에센스로 구성된 향수입니다.,0,A3-007.jpg,1
A3-008,화장품,향수,펜할리곤스,아르테미지아 EDP 50mL,172000,2002년에 만들어진 아르테미지아는 비단과 캐러멜의 부드러움을 지닌 섬세한 향수입니다. 떨어지는 초록사과와 잘 씻긴 승도 복숭아를 자스민차와 함께 마시는 듯한 기분이 들며 바이올렛 시클라멘 백합의 꽃잎들이 막 떨어지는 듯한 향을 우아하게 묘사했습니다. 달콤한 바닐라와 따뜻한 향료들의 향이 동시에 느껴지는 것은 엠버와 머스크의 영향 때문입니다. 너무 아름다워 잊을 수 없고 편안함이 느껴지는 향기입니다.,0,A3-008.jpg,1
A3-009,화장품,향수,프레쉬,슈가 리치 오 드 퍼퓸 (100ml),147000,세계적인 조향사이자 프레쉬의 창시자인 레브 글레이즈먼(Lev Glazman)에 의해 탄생된 '액체의 보석'이라 불리우는 자연 그대로의 향을 재현한 향수(달콤하고 낭만적인 프루티 향) 이국적인 과일 향을 주 원료로 캬라멜과 연꽃의 플로럴 향과 상큼한 시트러스의 향을 배합한 부드러운 향입니다.,0,A3-009.jpg,1
A3-010,화장품,향수,페라가모,페라가모 아띠모 로 플로랄 (100ML),149000,아띠모의 매혹적인 향 노트들은 세련된 꽃을 통한 관능적인 여성의 매력 뿐만 아니라 언제나 충분히 소화할 수 있는 새로운 차원의 향수로 탄생하였습니다. ,0,A3-010.jpg,1
A4-001,화장품,바디.헤어케어,더바디샵,모링가 바디케어 4종 세트(887434),15000,신비롭고 우아한 꽃향기가 기분을 상쾌하게 하는 바디 샤워젤. 신비롭고 우아한 꽃향과 함께하는 바디스크럽. 우아한 Rhcgidd기와 피부를 부드럽게 보습하는 바디로션,2500,A4-001.jpg,1
A4-002,화장품,바디.헤어케어,오르비스,클리어 바디 로션 215ml+클리어 바디 워쉬 260ml,25600,신경쓰이는 바디 고민을 씻어내는 클리어 바디 워시. ,2500,A4-002.jpg,1
A4-003,화장품,바디.헤어케어,데메테르,퍼퓸드샴푸4종+퍼퓸드트리트먼트2종 / 기트프박스,29000,수많은 월드스타의 잇아이템! 셀러브리티들의 사랑을 받는 이유,2500,A4-003.jpg,1
A4-004,화장품,바디.헤어케어,유노하나,벳부온천 미네랄 입욕제 유노하나 800g + 800g + 선택구성,45000,눈꽃같이 피어오르는 벳부온천 유노하나. 마치 크리스탈처럼 반짝이는 벳부온천 유노하나. 자연의 은혜. 피부가 먹는 미네랄 유노하나는 온천효과도 뛰어납니다. ,0,A4-004.jpg,1
A4-005,화장품,바디.헤어케어,더바디샵,샤워젤&핸드 3종 선물세트(885606),17900,상큼한 자몽향의 상쾌한 바디 클렌저. 끈적임 없이 산뜻한 질감의 핸드크림. ,2500,A4-005.jpg,1
A4-006,화장품,바디.헤어케어,댕기머리,진기현 2set,101000,진귀한 기운으로 두피와 머릿결을 건강하게. 물이 다른 샴푸액! 한국사람이 가장 선호하는 건강식품인 홍삼! 그 귀한 홍삼추출물을 진기에 담다! ,0,A4-006.jpg,1
A4-007,화장품,바디.헤어케어,실크테라피,150ml×2＋60ml×2＋15ml×2＋체험분파우치1매,59000,고급 헤어살롱의 프로페셔널 케어를 실크테라피에 담았습니다. 당신의 건강하고 아름다운 머릿결을 위해 전 세계 99개국 헤어 디자이너의 선택을 직접 경험해 보세요. ,0,A4-007.jpg,1
A4-008,화장품,바디.헤어케어,뉴트로지나,릴랙싱 바디 모이스처라이저 250ml + 릴랙싱 바디 워시 950ml - 2종세트,23500,외부 자극으로 지친 피부를 오랜시간 촉촉하게. 노르웨이젼 포뮬러만의 특별한 보습 성분 함유. 내추럴 아로마 복합 성분이 기분까지 편안하게.,2500,A4-008.jpg,1
A4-009,화장품,바디.헤어케어,아비노,스트레스 릴리프 바디 워시 532ml 2개,21000,릴랙싱한 향으로 잘 알려진 에센셜 카모마일. 진한 보습을 주는 내추럴 코로이달 오트밀.,2500,A4-009.jpg,1
A4-010,화장품,바디.헤어케어,베티나바티,바디 2종 선물세트(바디로션+샤워젤),47000,글리세린의 함량을 높여 보습력과 향의 지속력을 강화시킨 목욕제품으로 피부를 촉촉하고 부드럽게 관리해줍니다. ,0,A4-010.jpg,1
A5-001,화장품,남성화장품,우르오스,올인원 모이스처라이저 200ml ,29700,피부 컨디셔닝 AMP의 파워보습으로 피부를 매끈하게 관리. 9가지 허브추출물이 면도와 외부자극으로 손상된 남성 피부를 진정시켜줌. ,2000,A5-001.jpg,1
A5-002,화장품,남성화장품,캘빈클라인,원 스킨 모이스처라이저 250ml (스킨/로션 겸용),26900,얼굴과 몸에 사용하는 스킨 & 로션 겸용 화장품으로 피부에 활력을 더해주며 피부의 정돈을 도와 촉촉함을 더해 줍니다. ,2000,A5-002.jpg,1
A5-003,화장품,남성화장품,이니스프리,포레스트 포맨 퍼펙트 올인원 에센스,25000,모공을 탄탄하게 잡아주고 건조에 의해 야기된 피부 주름은 개선되고 자외선 트러블에 의한 피부 칙칙함을 맑고 투명하게 관리. ,2000,A5-003.jpg,1
A5-004,화장품,남성화장품,네이처리퍼블릭,아프리카 버드 옴므 올인원 모이스처 컨트롤러,18000,스킨 로션 에센스를 한번에 해결해주는 올인원 타입으로 끈적임없이 촉촉하게 흡수되며 외부 유해환경에 노출되어 민감하고 거칠어진 수분 부족형 남성 피부에 넘치는 수분 에너지를 부여하여 촉촉함이 오래 유지되도록 케어해줍니다. ,0,A5-004.jpg,1
A5-005,화장품,남성화장품,참존,휴브 포맨 더블 콤플렉스,20000,주름개선기능 성분 함유. 남성들의 복합적인 피부문제 해결. 주름과 보습을 한번에 .,2500,A5-005.jpg,1
A5-006,화장품,남성화장품,라네즈,옴므 퓨어 브라이트닝플루이드 125ML,30000,스킨/로션이 합쳐진 산뜻한 플루이드 타입으로 피부를 환하고 생기 있게 만들어 줍니다. 나이아신아마이드가 남성 피부를 칙칙하게 만드는 과다 각질을 케어해주어 피부톤을 환하게 개선해줍니다. ,2000,A5-006.jpg,1
A5-007,화장품,남성화장품,보닌,트리플액션 원샷플루이드&UV선프로텍터 기획세트,32000,한번에 해결되는 남성용 데일리 세트. 주름+미백 이중 기능성까지 실현한 올인원제품과 선프로텍터 그리고 품클렌져까지 같이 만나세요.,2500,A5-007.jpg,1
A5-008,화장품,남성화장품,에이씨화인,옴므 4 in1 토탈 솔루션,28000,알부틴 함유되어 있어 피부를 환하게 도와주며 알란토인과 보습성분 함유로 부드러운 사용감과 빠른 피부 흡수로 피부를 촉촉하게 해줍니다.,2000,A5-008.jpg,1
A5-009,화장품,남성화장품,플로이드,쉐이빙 폼(300ml)+쉐이빙오일(50ml) 세트,58000,전통 쉐이빙 제품에 유니크한 이미지가 더해진 고 퀼리티의 제품으로 엑스트라포밍 제형이 주는 풍부하고 부드러운 질감의 크림이 면도하는 동안 피부에 쫀득하게 달라붙어 잇으며 자극없는 면도를 즐길 수 있게 해 드리며 면도 후 잔여물을 쉽게 물에 씻겨 내려가게 합니다. ,0,A5-009.jpg,1
A5-010,화장품,남성화장품,꽃을든남자,에너지팩토리 맨즈밤+미스트토너+수분크림젤+폼클렌징 4종기획구성,43900,깨끗하고 건강한 피부톤도 매너 하나로 안색보정까지 올인원 스킨케어,0,A5-010.jpg,1
B1-001,잡화,여성가방,라빠레뜨,라빠레뜨Small Tote Bag,131400,클래식하면서도 모던한 스타일의 'STELLA LINE' 멋스러운 표면감의 소가죽 소재와 새틴처리된 금속장식으로 럭셔리한 스타일링을 완성할 수 있는 디자인의 라인 입니다. ,0,B1-001.jpg,1
B1-002,잡화,여성가방,시슬리,시슬리 레인보우 쇼퍼백 3종 세트,168000,시즌에 구분없이 가장 사랑받는 기본 스타일링 가방,0,B1-002.jpg,1
B1-003,잡화,여성가방,맥끌라니,맥끌라니 382찡 크로스백,328000,누구나 가지고 있고 사고 싶은 베이직한 아이템의 특별함. 맥끌라니가 당신에게 전하고 싶은 가치입니다. ,2000,B1-003.jpg,1
B1-004,잡화,여성가방,바이커스탈렛,바이커스탈렛 LIBBY,306000,빈티지와 미니멀리즘으로 완성된 최고급 우피 선별하여 사용한 숄더백 겸 클러치입니다. 군더더기 없이 똑 떨어지는 라인과 골드 로고 디테일이 클래식하면서도 고급스럽게 마감되었습니다.,0,B1-004.jpg,1
B1-005,잡화,여성가방,루이까또즈,루이까또즈 숄더백 HI1CB01BL,453000,XIV퀄팅과 볼드한 심볼오프너 장식의 조화가 돋보이는 페미닌한 스타일의 영성 숄더백. 모던한 블랙컬러가 세련된 아이템으로 정장뿐 아니라 캐주얼한 착장에도 코디하기 좋은 상품. ,0,B1-005.jpg,1
B1-006,잡화,여성가방,엠시엠,MCM 스몰 숄더백 키아나,598500,MCM의 양피 가죽 라인에 트랜드를 접목한 구조적인 형태감이 특징. 가볍고 소프트한 버블 램 소재로 매우 가볍고 부드러워 데이백의 기능을 하는 아이템으로 어떤 착장에도 코디가 가능. 양가죽 본래의 특성을 최대한 살려 표면처리를 최소화한 제품에 MCM 음각 처리를 하여 고급스러움 배가. 양 사이드에 볼드한 스터드 장식으로 MCM의 로고를 표현하여 모던한 룩과 착장 시 스타일에 쉬크하게 포인트를 주는 라인 플랩 안쪽으로 똑딱이를 추가하여 내부의 내용물이 쏟아지지 않도록 보호 손에 쥐기 편한 두께의 업그레이드 라운드 핸들로 그립감이 뛰어남. 탈부착 가능한 크로스끈이 함께 구성되어 있어 다양한 활용이 가능(길이 조절 가능). 적당한 사이즈의 감각적인 쉐입으로 여성스러운 이미지와 잘 어우러짐 양방향 윗면 탑지퍼 방식으로 사용의 편의성을 높이고 좌우로 내려오는 지퍼로 가방의 오픈이 손쉬운 상품. 밑면에 오염 및 마모를 방지하는 4개의 금속 발 장식. 내부는 코튼이 함유된 원단으로 친환경 소재 내부 수납공간 - 오픈포켓 3개 지퍼포켓 2개.,0,B1-006.jpg,1
B1-007,잡화,여성가방,쌤소나이트,쌤소나이트 TOPLINE-6 BACKPACK_Navy,187000,나일론 소재를 사용하여 가볍고 고급스러우며 어떠한 스타일에도 잘어울리는 머스트해브 아이템!,0,B1-007.jpg,1
B1-008,잡화,여성가방,캐스키드스,접이식백팩2종택1?,73000,2013 A/W 시즌 새로운 프린트와 디자인으로 구성되니 접이식 백팩입니다. 폴리 소재로 가볍고 접이식으로 실용성을 더하여 아이들과 어른들 모두 사용가능한 백팩입니다. ,0,B1-008.jpg,1
B1-009,잡화,여성가방,만다리나덕,만다리나덕 백팩 REMOVING 3NT16,229600,기존 무빙을 재해석한 라인으로 무빙과 동일한 가볍고 펄감이 도는 소재를 사용하여 가죽과 원단을 매치시켜 새로운 형태감과 기능성을 제시한다. 이러한 고객의 시각으로 기능적인 면을 사용자 지정에 맞춘것이 이 라인의 큰 특징으로 불투명 레진으로 코딩 처리된 로고 지퍼플러가 사용되었으며 유광의 버클은 스포티하며 다이나믹한 이 라인의 화려함을 더한다. ,0,B1-009.jpg,1
B1-010,잡화,여성가방,아메리칸투어리스트,PRISMO SPINNER 65/24 수화물용 여행가방,178000,여행구에 바퀴를 최초로 장착한 쌤소나이트만의 휠 시스템이 단단하고 부드럽게 최고의 구동성을 자랑,0,B1-010.jpg,1
B2-001,잡화,구두,핏플랍,핏플랍 14SS,90300,핏플랍의 베스트 셀링 아이템 일렉트라 뉴 버전 아스트리드. 반짝이는 소재에 블링블링한 비즈 장식이 아릅답게 조화됩니다. 은은하면서도 화려한 멋을 지닌 아이템입니다. ,0,B2-001.jpg,1
B2-002,잡화,구두,지니킴,April_PEOS001,110400,2006년 런칭한 JINNY KIM은 1930년~50년대 HOLLYWOOD STAR들의 'ROMNATIC MOOD & GLAMOROUS LIFES STYLE'을 반영한 감각적인 슈즈로 세계유명 셀렙들과 패션피플들에게 주목받고 있는 DESIGNER SHOES BRAND이다. ,0,B2-002.jpg,1
B2-003,잡화,구두,레이첼콕스,Sandals_Coollip R1070,110000,와이드한 밴드 스크랩이 발등을 편안하게 감싸주어 다양한 캐주얼 룩에 편안하게 코디할 수 있는 샌들입니다. 폭신한 코르크 창이 편안한 착화감을 느끼게 하는 슈즈로 올여름 MUST HAVE 아이템입니다. ,0,B2-003.jpg,1
B2-004,잡화,구두,락피쉬,락피쉬 레인부츠 ,69420,14SS 락피쉬 위슬리 가든 컬렉션은 영국의 왕립 원예협회의 본부에 위치한 위슬리 가든에서 영감을 얻어 자연그대로의 아름다운 감성을 표현한 컬렉션입니다. ,0,B2-004.jpg,1
B2-005,잡화,구두,세인트디보스,D9P32501-5 세인트디보스 토오픈 5컬러,43200,디보스는 100% 순수 국내 제작상품으로 더욱 고급스러운 컬러감과 편안한 착화감을 보여줍니다.,2000,B2-005.jpg,1
B2-006,잡화,구두,미소페,미소페 소가죽 샌들 오렌지 511424017,82000,가보시와 굽에 잔잔한 빗살호일 무늬의 가죽으로 포인트를 주어 세련된 멋을 내는 샌들!,0,B2-006.jpg,1
B2-007,잡화,구두,엘리자벳,엘리자벳 토오픈 인사이드 토오픈 E9160,59500,깔끔하고 고급스러운 리자드 무늬의 펄이 잔잔히 가미된 화이트와 페미닌한 스킨 핑크 컬러의 아이템입니다. 기본 토오픈 형식에 안쪽 사이드를 오픈해 발을 좀더 슬림하게 보이는 효과가 있습니다. ,0,B2-007.jpg,1
B2-008,잡화,구두,탐스,발걸음이 빛나는 글리터 3종,68000,발걸음이 빛나는 글리터 3종,0,B2-008.jpg,1
B2-009,잡화,구두,내츄럴월드,내추럴월드 Ingles elastico 102,36000,빈티지한 워싱이 스타일리쉬합니다. 친환경적인 에코 슈즈로 인체에 무해합니다. 다양한 파스텔톤의 컬러가 시선을 사로잡는 컨버스입니다. 에코 휴머니즘을 모토로 자연향기를 담아 언제나 상쾌한 스니커즈입니다. 빈티지한 스타일로 오래신을 수록 더 멋스러운 스타일링 연출 가능합니다. Made in Spain,0,B2-009.jpg,1
B2-010,잡화,구두,모그어스,[MOG.AUS][웨지]NANETTE WEDGE_MGADSFWGP004,25200,MOG.AUS의 샌들 라인으로 S/S 시즌 일상생활에서 휴양지까지 활용하실수 있으며 산뜻하고 캐쥬얼한 느낌으로 시원하게 착화하실 수 있습니다. ,2000,B2-010.jpg,1
B3-001,잡화,시계,메트로시티,메트로시티 여성시계 패키지 MT1238,82800,여성전용 제품으로 앙증맞은 사이즈와 화려한 보석들로 꾸며져 있어 화려한 쥬얼리 감성을 가진 시계로 여성 고객의 스타일을 한층 높여주는 디자인. ,0,B3-001.jpg,1
B3-002,잡화,시계,해리메이슨,NEW ARRIVAL 메탈워치 HM-1101S1,99000,시계 하나로 4가지 스타일 연출! ,0,B3-002.jpg,1
B3-003,잡화,시계,알바,알바 남성용 메탈시계 2종 中택일 AS3001X/AT3011X1,161000,클래식하면서도 럭셔리한 느낌을 주는 오버 사이즈 워치입니다. 정교한 베젤과 용두는 클래식한 멋을 더해주고 로만 인덱스와 조화를 이룹니다. 날짜와 요일을 표시해주고 레트로 그래이드 요일 표시창을 갖추고 있습니다. ,0,B3-003.jpg,1
B3-004,잡화,시계,엘르,엘르 여성용 손목시계,49000,1945년 프랑스에서 창간한 ELLE 매거진의 성공에 힘입어 탄생한 LifeStyle Fashion 브랜드 ELLE는 최신 트렌드와 글로벌한 브랜드의 감성을 실용적으로 제안하는 브랜드입니다. ,0,B3-004.jpg,1
B3-005,잡화,시계,밀튼스텔리,Milton Stelle™ Italy MS-081M ,132000,시계의 가치와 착용하는 사람의 세련미를 한층 더 업그레이드 시켜주는 화이트 크리스탈 장식과 자개판 다이얼. 부식 방지와 착용감을 위해 스테인리스 스틸 소재로 제작된 'MILTON STELLE' 타입 로고가 각인된 케이스백,0,B3-005.jpg,1
B3-006,잡화,시계,로즈몽,RS1_01,294000,40개의 산화 지르코늄을 얇은 베젤 부분에 촘촘하게 파베 세팅하여 클래식함과 모던함을 두루 겸비한 컬렉션. 로즈. 엘로우 골드 시계는 에나멜 off-white 문자판 실버 시계는 자게 다이얼을 사용. 고전적이며 빈티지 느낌마저 감도는 브리슬릿 워치 컬렉션. Off-white 다이얼이 시계와 자연스럽게 어울리면서 14개의 산화 지르코늄이 밴드 고리 부분에 세팅되어 있어 우아함이 특징 ,0,B3-006.jpg,1
B3-007,잡화,시계,게스,B1-Class Lady 메탈 여성시계 (X17003L1),225000,수작업으로 제작된 다이얼 인덱스 카본파이버 다이얼 이태리산 소가죽 스트랩은 고품격 타임피스의 디테일을 한껏 살려준다. ,0,B3-007.jpg,1
B3-008,잡화,시계,스위스밀리터리,SMW65172.04.001 메탈시계,550000,스테인레스 스틸 케이스 및 밴드로 구성되어 있으며 방수에 강하고 문자판의 야광 정도가 타 브랜드에 비해 월등하다.?또한 투박하고 선이 굵은것이 그 특징이며 최근 유행하고 있는 밀리터리 패션의 주도층인 신세대 및 청년층의 액세사리 소품으로?어울리는 단순하면서도 스포티한 패션감각을 창출하고 있다.,0,B3-008.jpg,1
B3-009,잡화,시계,로만손,남성 CERAMIC 시계 (TM1231HM1BA32W),450000,바젤월드 명품관에서 10년간 세계적인 찬사를 받아온 네오클래식 컨셉의 로만손 전통 컬렉션으로 부드러운 착용감과 도시적인 세련미를 강조했습니다. ,0,B3-009.jpg,1
B3-010,잡화,시계,로머,로머 메탈 워치 202858 41 54 90,451800,역사가 살아 숨쉬는 스위스 전통 브랜드 로머(ROAMER) 고도의 정밀함으로 완성된 합리적 가격의 워치 ,0,B3-010.jpg,1
B4-001,잡화,주얼리,해리메이슨,레이어드 반지 4종 세트,32000,행복한 순간을 간직한다'는 뜻이 담긴 셀려브레이션 링. 데일리 주얼리로 다양하게 더욱 더 세련된 룩을 연출해보세요.,2000,B4-001.jpg,1
B4-002,잡화,주얼리,제이에스티나,제이에스티나 스텔라모디쉬 귀걸이목걸이,39000,창문에서 바라본 밤하늘의 반짝이는 별을 섬세하게 표현한 디자인입니다. 세공의 디테일함이 묻어나는 댕글형의 깜찍한 디자인이며 선물용으로 적절한 세트 아이템입니다. ,2000,B4-002.jpg,1
B4-003,잡화,주얼리,제이에스티나,Crystal Stella 귀걸이목걸이 3종 택1,25000,테두리 롤렛 처리가 가미되어 더욱 섬세한 디테일을 살린 디자인입니다. 회이트 컬러의 베이직 스타일로 데일리 아이템으로 추천합니다.,2500,B4-003.jpg,1
B4-004,잡화,주얼리,제이에스티나,제이에스티나 귀걸이 목걸이 8종 택1,31000,마치 별똥별이 떨어지는 모습을 형상화한 디자인입니다. 귀볼라인을 따라 자연스럽게 착용하여 발랄하게 연출할 수 있는 아이템입니다.,2000,B4-004.jpg,1
B4-005,잡화,주얼리,제이에스티나,제이에스티나 Modish Simple 목걸이 3종 택1,28400,블랙 삼각스톤이 세련되고 깔끔하게 세팅되어진 베이직 디자인입니다.,2500,B4-005.jpg,1
B4-006,잡화,주얼리,빈티지 헐리우드,패션팔찌 9종 택1,14000,패션팔찌,2500,B4-006.jpg,1
B4-007,잡화,주얼리,메트로시티,팔찌2종택1 0374br0375mpbr2,33000,볼륨감이 있는 체인에 메트로시티 M로고가 포인트인 세련된 팔찌,2000,B4-007.jpg,1
B4-008,잡화,주얼리,타티아나,클래식 이디엄 큐빅 팔찌,19800,클래식한 스타일의 심플한 이디엄 큐빅 팔찌입니다. 최고급 큐빅을 사용하여 빛이 오랫동안 지속되며 기술력있는 세공으로 몇 년을 사용하셔도 처음의 상태로 유지하실 수 있는 고급 제품입니다. ,2500,B4-008.jpg,1
B4-009,잡화,주얼리,필그림,faminine allure_22141-xxx2,75000,다양한 컬러와 소재의 믹스로 레어어드 연출이 용이한 패브릭 팔찌로 손목이 얇아보이는 착시효과가 있는 트렌디한 아이템입니다.,0,B4-009.jpg,1
B4-010,잡화,주얼리,리드박스,스위트 하트 참 팔찌L0002_00073,40500,화이트 무나노 글래스 장식안에 클리어 큐빅을 안에 넣어 화려하고 청순한 느낌마져 듭니다. 가운데 달랑이는 참은 크림빛과 핑크빛이 섞여있는 천연진주를 사용했습니다. ,0,B4-010.jpg,1
B5-001,잡화,명품,프라다,PRADA BN1874 NERO SAFFIANO LUX,20769600,PRADA BN1874 NERO SAFFIANO LUX - 원산지 이태리 프라다 하드케이스쇼핑백,0,B5-001.jpg,1
B5-002,잡화,명품,멀버리,여성 가방 / 릴리 백 / HH1567 874 J191,1319000,영국 전통의 클래식함과 럭셔리함을 느낄 수 있는 제품입니다. 엄선된 천연 가죽 수공예품으로 사용할수록 브랜드 고유의 자연스러움과 부드러움이 느껴집니다. ,0,B5-002.jpg,1
B5-003,잡화,명품,입생로랑,뉴카바시크 / 311208 BJ50J 5604 / 여성 토트백,2078000,2014SS 생로랑 뉴카바시크 토트백,0,B5-003.jpg,1
B5-004,잡화,명품,끌로에,마르씨 미디움 / 3S0917 161 22F / 여성 토트겸숄더백,1266000,2013FW 끌로에 마르씨 미디움 토트겸 숄더백,0,B5-004.jpg,1
B5-005,잡화,명품,돌체앤가바나,남성 스니커즈 / 하이탑 / CS1091 A4090 80999,456000,2013년 F/W 신상 돌체앤가바나의 남성 하이탑 스니커즈. 스포티하고 클래식한 하이탑 디자인으로 돌체앤가바나 로고가 멋스럽습니다. 발의 편안함을 더했으며 키높이 기능과 튼튼한 고무 바닥창으로 미끄럼 방지가 되며 착화감이 우수합니다. ,0,B5-005.jpg,1
B5-006,잡화,명품,비비안웨스트우드,VW799/AN821/AN798/AN800/VW804,250000,고급스럽고 심플한 스타일. 세련되고 심플한 부드러운 스퀘어 안구 쉐이브에 심플한 프레임 라인으로 멋을 준 제품입니다. 슬림하게 이어진 다리 라인에 비비안웨스트우드만의 ORB 로고 디테일이 고급스러워 보입니다. 유행에 민감하지 않은 베이직한 디자인에 비비안웨스트우드 만의 스타일리시함이 느껴집니다. 연령대 상관없이 착용하기 좋은 디자인으로 심플함을 강조한 인기 아이템입니다.,0,B5-006.jpg,1
B5-007,잡화,명품,톰포드,TF9258/TF211/TF9260/TF9257,355000,"클래식한 레트로풍 뿔테 디자인. 부드러운 라인의 스퀘어 안구 쉐이브에 톰포드 만의 빈티지함과 복고풍의 멋이 느껴지는 제품입니다. 프론트 프레임에 로고 시그니처와 템플 라인에 톰포드의 상징인 “T” 장식으로 포인트를 주어 빈티지하면서 고급스러워 보이는 스타일로 선글라스 뿐만 아니라 안경테로도 착용 가능합니다. 요즘 떠오르는 트렌디한 디자인으로 남녀 모두에게 인기를 끌고 있는 톰포드의 패셔너블한 모델입니다. 톰포드의 스테디 셀러인 ""TF211"" 후속 모델로 좀 더 부드러운 클래식한 디자인 입니다.",0,B5-007.jpg,1
B5-008,잡화,명품,구찌,구찌 시마 남성 반지갑 145754 A0V1R 1000 BLACK,450000,최상의 전통을 최상의 품질로 과거를 뛰어넘는 제품을 현대에 접목시킨 상품을 지향하는 구찌의 시마지갑입니다. 구찌만의 클래식한 GG파턴과 블랙 컬러가 어우러져 고급스럽습니다. 2개의 지폐포켓 6개의 카드슬롯 및 2개의 보조 슬롯으로 베이직한 구성으로 이루어져 있습니다. ,0,B5-008.jpg,1
B5-009,잡화,명품,프라다,여성 장지갑[1M0506 IBISCO SAFFIANO METAL],780000,프라다(PRADA)는 의류 가죽 액세서리 신발 가방 등을 제조 · 판매하는 이탈리아 명품 브랜드이다. 설립자 마리오 프라다(Mario Prada)의 이름에서 유래한 프라다는 1913년 이탈리아 밀라노에 오픈한 가죽제품 전문매장인 '프라텔리 프라다(Fratelli Prada '프라다 형제'라는 의미)'에서 시작되었다. 1919년 프라다는 이탈리아 사보이 왕실(Royal House of Savoy)의 공식 납품 업체로 지정될 만큼 품질을 인정받았다. 1977년 마리오 프라다의 손녀 미우치아 프라다(Miuccia Prada)가 프라다를 이어 받아 포코노 나일론(Pocono Nylon) 과 같은 혁신적인 소재를 사용해 새로운 스타일의 패션을 선보이며 세계적인 브랜드로 성장시켰다.,0,B5-009.jpg,1
B5-010,잡화,명품,미우미우,여성 장지갑 5M0506 MATELASSE'LUX AMARANTO,640000,지폐포켓2  카드포켓8  보조포켓2  동전포켓1,0,B5-010.jpg,1
C1-001,여성의류,여성상의(outer),잇미샤,카라소매배색 원버튼 슬림 자켓 ITD5WJK540,75000,시원한 컬러감과 슬림한 라인이 예쁜 쉬폰소재의 원버튼 자켓입니다. 시크한 느낌의 카라배색과 뒤쪽 밑단을 따라 덧대어있는 쉬폰의 여성스러움이 잘 어우러진 아이템입니다. 원피스 스키니 등 다양한 아이템과 매치하기 쉬운 데일리 아이템입니다.,0,C1-001.jpg,1
C1-002,여성의류,여성상의(outer),제이제이 지고트,슬림라인 이중카라배색 롱자켓(GGEC600208),39000,폴리소재의 자켓으로 봄/여름 시즌 가볍게 걸치기 좋은 아이템.,2500,C1-002.jpg,1
C1-003,여성의류,여성상의(outer),케네스 레이디,니노 심플노카라 컬러자켓(EGJKDG98),33000,심플한 라인의 노카라 컬러자켓입니다. 정장 또는 캐주얼 착장에 모두 코디가 용이한 활용도 높은 자켓입니다. ,2500,C1-003.jpg,1
C1-004,여성의류,여성상의(outer),비지트인뉴욕,자켓2종택1(VP2JK02VP2JK022),30000,2014년 신상품. 온라인으로 구매하신 상품은 라인 매장에서 수선비 고객부담으로 진행됩니다. 같이 코디된 가방과 목걸이는 코디용이니 참고하여 주시길 바랍니다.,2500,C1-004.jpg,1
C1-005,여성의류,여성상의(outer),지지피엑스,사선지퍼 노카라 자켓 (GEBJK717F),79000,사선지퍼가 포인트로 들어가 모던함이 돋보이는 자켓입니다. 노카라 디자인으로 깔끔함을 살렸고 적당한 길이감이 안정감을 줍니다. 얇은 소재감으로 가볍게 걸쳐 시크함을 어필하실 수 있습니다. ,0,C1-005.jpg,1
C1-006,여성의류,여성상의(outer),랩,플라워 프린트 롱 야상점퍼(AE2WZS00),107100,2014년 신상품. 온라인으로 구매하신 상품은 라인 매장에서 수선비 고객부담으로 진행됩니다. 같이 코디된 가방과 목걸이는 코디용이니 참고하여 주시길 바랍니다.,0,C1-006.jpg,1
C1-007,여성의류,여성상의(outer),에고이스트,골드프린트4포켓야상(EE1EZ300),77430,간편하면서도 멋스럽게 코디할 수 있는 야상점퍼입니다. 허리라인 조절이 가능하여 슬림하게 루즈하게 착용할 수 있어요. 진스타일은 물론 드레시한 원피스나 롱원피스 스커트와 매치하기에도 좋아요.,0,C1-007.jpg,1
C1-008,여성의류,여성상의(outer),플라스틱아일랜드,배색 라이더 마 점퍼(PE2WZ481),50000,심플하고 모던한 디자인의 라이더자켓입니다. 시원한 소재감으로 캐쥬얼하고 편하게입을 수 있습니다,0,C1-008.jpg,1
C1-009,여성의류,여성상의(outer),반에이크,레이스배색점퍼_V46JPQ909Z,49800,세련된 시스루 레이스 배색이 멋스러운 점퍼입니다. 촉감이 소프트한 폴리 소재를 사용하여 착용감이 우수합니다. 로맨틱한 플라워 자수 디테일이 더욱 스타일리쉬합니다. ,0,C1-009.jpg,1
C1-010,여성의류,여성상의(outer),커밍스텝,도마뱀와펜점퍼(COE5WJP440),339300,2014년 신상품. 온라인으로 구매하신 상품은 라인 매장에서 수선비 고객부담으로 진행됩니다. 같이 코디된 가방과 목걸이는 코디용이니 참고하여 주시길 바랍니다.,0,C1-010.jpg,1
C2-001,여성의류,여성상의(inner),플라스틱아일랜드,화사한 레이스 블라우스(PE2WB671),49000,깔끔한 레이스 스타일의 블라우스입니다 기장감 길게나와 청바지나 반바지에 코디하시기 좋습니다,0,C2-001.jpg,1
C2-002,여성의류,여성상의(inner),온앤온,밑단 레이스 이중 펀칭 블라우스(NW4MB358),69000,2014년 신상품. 온라인으로 구매하신 상품은 라인 매장에서 수선비 고객부담으로 진행됩니다. 같이 코디된 가방과 목걸이는 코디용이니 참고하여 주시길 바랍니다.,0,C2-002.jpg,1
C2-003,여성의류,여성상의(inner),케네스 레이디,플러시 레이스블라우스(EWBLDG01),59000,2013 년 S/S시즌 상품입니다. 앞판 레이스와 네크라인 레이스가 포인트인 반팔 블라우스입니다. 여성스러운 느낌의 기본 블라우스로 활용도가 높은 아이템입니다.,0,C2-003.jpg,1
C2-004,여성의류,여성상의(inner),제이제이 지고트,러블리한 페플럼 라인의 체크 블라우스(GGEG500182),29000,2014년 신상품. 온라인으로 구매하신 상품은 라인 매장에서 수선비 고객부담으로 진행됩니다. 같이 코디된 가방과 목걸이는 코디용이니 참고하여 주시길 바랍니다.,2500,C2-004.jpg,1
C2-005,여성의류,여성상의(inner),리스트,소매 프릴 디테일 블라우스 (TWBLE60160),29001,소매 프릴 디테일이 들어간 러블리한 블라우스입니다. 미디한 길이감과 내츄럴한 핏감으로 착용시 안정감을 줍니다. 깔끔한 디자인으로 팬츠나 스커트 등 다양한 연출을 하실수 있습니다. ,2500,C2-005.jpg,1
C2-006,여성의류,여성상의(inner),르꼴레뜨,쉬폰 블라우스 2종 택1(BL3),40000,young한 감성을 바탕으로 심플하면서도 wit와 fun한 요소가 가미된 high-end couture casual브랜드 입니다.,2000,C2-006.jpg,1
C2-007,여성의류,여성상의(inner),올리브데올리브,러블리한 러플소매의 쉬폰 블라우스(OW4MZ057),39000,이국적이고 에스닉한 영향으로 오래되어 바랜듯한 느낌이지만 로맨틱한 감성에 초점을 맞추어 가치있게 표현합니다. 로맨틱과 빈티지의 조화를 지향합니다.,2500,C2-007.jpg,1
C2-008,여성의류,여성상의(inner),온앤온,여성스러운 펌프소매 티셔츠(NW4ME179),53100,2014년 신상품. 온라인으로 구매하신 상품은 라인 매장에서 수선비 고객부담으로 진행됩니다. 같이 코디된 가방과 목걸이는 코디용이니 참고하여 주시길 바랍니다.,0,C2-008.jpg,1
C2-009,여성의류,여성상의(inner),올리브데올리브,레이스패턴의 루즈한 스트라이프티셔츠(OW4MZ068),45000,50년대의 복고적인 클럽 스포츠의 감각에 로맨틱한 디테일이 더해져서 새롭게 표현하고 있습니다. 스포티함과 큐트함의 조화를 추구합니다.,0,C2-009.jpg,1
C2-010,여성의류,여성상의(inner),온앤온,편안한하게 입는 루즈핏 티셔츠(NW4MZ015),39000,2014년 신상품. 온라인으로 구매하신 상품은 라인 매장에서 수선비 고객부담으로 진행됩니다. 같이 코디된 가방과 목걸이는 코디용이니 참고하여 주시길 바랍니다.,2500,C2-010.jpg,1
C3-001,여성의류,여성하의(치마),나이스클랍,화사한꽃무늬포인트A라인스커트[N142MSD009],62100,전체적으로 슬림한 핏선의 화사한 무늬가 돋보이는 세련된 스타일입니다.,0,C3-001.jpg,1
C3-002,여성의류,여성하의(치마),에고이스트,플라워렐이스미니스커트(EE2WS463),159000,2014년 신상품. 온라인으로 구매하신 상품은 라인 매장에서 수선비 고객부담으로 진행됩니다. 같이 코디된 가방과 목걸이는 코디용이니 참고하여 주시길 바랍니다.,0,C3-002.jpg,1
C3-003,여성의류,여성하의(치마),타스타스,레이스패치 H라인스커트 (1D1SK210),150000,기본 무난한 스타일입니다. 대표 이미지컬러는 라이트블루  입니다.,0,C3-003.jpg,1
C3-004,여성의류,여성하의(치마),올리브데올리브,우아한 꽃자수 스커트(OW4MS314),198000,어린시절 지니고 있던 상상력과 순수함을 동경하며 꿈꾸는 듯한 귀여운 아름다움을 강조한 로맨틱하고 여성스러운 감각입니다.,0,C3-004.jpg,1
C3-005,여성의류,여성하의(치마),르윗,매력적인 데님스커트 (LED9DSK400),205000,클래식과 타임리스 스타일을 현대의 자유로움과 합리성으로 재해석한 패션으로 동시대적 감성의 새로운 패션 가치를 이야기하는 LEWITT은 (주)시선인터네셔널에서 전개하는 컨템퍼러리 시그니처 브랜드입니다.,0,C3-005.jpg,1
C3-006,여성의류,여성하의(치마),잇미샤,셔링이 예쁜 A라인 스커트 ITD8WSK210,35000, 잇미샤 2013년 SUMMER 아이템. 산뜻한 컬러에 셔링이 예쁜 A라인 스커트입니다. 화이트 블라우스와 같은 단색 상의와 코디하여 깔끔하면서도 멋스러운 스타일을 낼 수 있으며 세미 캐주얼 스타일로도 입을 수 있습니다.,2500,C3-006.jpg,1
C3-007,여성의류,여성하의(치마),르꼴레뜨,펀칭스타일 A라인 스커트(SK71),49000,young한 감성을 바탕으로 심플하면서도 wit와 fun한 요소가 가미된 high-end couture casual브랜드 입니다.,2000,C3-007.jpg,1
C3-008,여성의류,여성하의(치마),랩,패턴플레어스커트 DN (AE2WS442),55000,여성스러운 아이템입니다. 발랄한 느낌의 스커트입니다. ,0,C3-008.jpg,1
C3-009,여성의류,여성하의(치마),밀스튜디오,깨끗한 화이트 플레어 스커트 훌SK (ML2137),39000,MILL STUDIO는 컨템포러리함을 추구하는 현대적이고 심플모던하며 시장을 앞서나가는 트렌디 의류브랜드입니다.현재 셀렉샵 형태의 매장(중동 현대유플렉스 명동 영플라자 김포 롯데몰 명동 레벨5 영등포 타임스퀘어 및 동대문 두타)을 갖고 있습니다.,2500,C3-009.jpg,1
C3-010,여성의류,여성하의(치마),플라스틱아일랜드,뒤 지퍼 플레어 스커트(PE1WS265),20000,「2014년 봄 신상」상큼한 컬러감이 돋보인는 플레어스커트입니다. 기본베이직한 플레어디자인이라 유행없이 무난하게 입기좋은 아이템입니다.,2500,C3-010.jpg,1
C4-001,여성의류,여성하의(바지),잇미샤,자가드패시 섬머 하프슬랙스(ITD3WPT320),49000,잇미샤 13년신상 S/S 섬머 하프 슬랙스. 자카드의 고급스러운 무늬가 패치된 베스트셀러 섬머 하프팬츠 아이템. 고급스러운 패턴이 어떤 코디에도 유니크하면서 럭셔리한 분위기 연출에 좋습니다. 자카드의 고급스러운 무늬가 패치된 베스트셀러 섬머 하프팬츠 아이템. 고급스러운 패턴이 어떤 코디에도 유니크하면서 럭셔리한 분위기 연출에 좋습니다.,0,C4-001.jpg,1
C4-002,여성의류,여성하의(바지),르윗,주머니 단추 포인트 5부팬츠 (LEE3WPT100),114000,클래식과 타임리스 스타일을 현대의 자유로움과 합리성으로 재해석한 패션으로 동시대적 감성의 새로운 패션 가치를 이야기하는 LEWITT은 (주)시선인터네셔널에서 전개하는 컨템퍼러리 시그니처 브랜드입니다.,0,C4-002.jpg,1
C4-003,여성의류,여성하의(바지),스위트숲,치마반바지(WQ2SP91),35000,2014년 신상품. 온라인으로 구매하신 상품은 라인 매장에서 수선비 고객부담으로 진행됩니다. 같이 코디된 가방과 목걸이는 코디용이니 참고하여 주시길 바랍니다.,2000,C4-003.jpg,1
C4-004,여성의류,여성하의(바지),이앤씨,레이스프린트 치마반바지(ENTA31173W),143000,레이스를 덧댄 느낌의 문양이 여성스러운 치마반바지 스타일로 오비느낌의 허리배색이 슬림한 허리라인을 강조합니다.,0,C4-004.jpg,1
C4-005,여성의류,여성하의(바지),올리브데올리브,라인감이 살아있는 러블리한 큐롯팬츠(OW4ML543),134300,어린시절 지니고 있던 상상력과 순수함을 동경하며 꿈꾸는 듯한 귀여운 아름다움을 강조한 로맨틱하고 여성스러운 감각입니다.,0,C4-005.jpg,1
C4-006,여성의류,여성하의(바지),보브,주름스커트팬츠(71142 30032),78000,스커트형처럼 떨어지는 팬츠입니다. 안감도 신축성이있어 편하게 입으실수있습니다. 스커트형처럼 주름이 있는 라인이기 때문에 체형커버에도 좋은상품입니다.,0,C4-006.jpg,1
C4-007,여성의류,여성하의(바지),숲,플라워패턴 쉬폰 큐롯팬츠 (SP2SP08),89000,플라워패턴 쉬폰 큐롯 팬츠 입니다.,0,C4-007.jpg,1
C4-008,여성의류,여성하의(바지),비지트인뉴욕,물결큐롯스커트(VQ2SP95),47200,2014년 신상품. 온라인으로 구매하신 상품은 라인 매장에서 수선비 고객부담으로 진행됩니다. 같이 코디된 가방과 목걸이는 코디용이니 참고하여 주시길 바랍니다.,2500,C4-008.jpg,1
C4-009,여성의류,여성하의(바지),에고이스트,퀼팅패치쇼츠(EE2DQ569)+벨트,69000,2014년 신상품. 온라인으로 구매하신 상품은 라인 매장에서 수선비 고객부담으로 진행됩니다. 같이 코디된 가방과 목걸이는 코디용이니 참고하여 주시길 바랍니다.,0,C4-009.jpg,1
C4-010,여성의류,여성하의(바지),쥬크,하이웨스트 빈티지 빅포켓숏팬츠(Z142PSA408),79000,2014년 신상품. 온라인으로 구매하신 상품은 라인 매장에서 수선비 고객부담으로 진행됩니다. 같이 코디된 가방과 목걸이는 코디용이니 참고하여 주시길 바랍니다.,0,C4-010.jpg,1
C5-001,여성의류,여성원피스,잇미샤,투인원 프린트 원피스 ITE5ZOP960,112000," 아이보리 블라우스에 프린트 스커트를 입은듯한 효과를 드리는 2 in 1스타일의 원피스입니다.
  2014년 SUMMER 상품입니다",0,C5-001.jpg,1
C5-002,여성의류,여성원피스,라인,카라 프린트 절개 민소매 원피스,48000,2014년 신상품. 온라인으로 구매하신 상품은 라인 매장에서 수선비 고객부담으로 진행됩니다. 같이 코디된 가방과 목걸이는 코디용이니 참고하여 주시길 바랍니다.,2000,C5-002.jpg,1
C5-003,여성의류,여성원피스,씨,보석프린트원피스(SIOAE2534),59000,2014년 신상품. 온라인으로 구매하신 상품은 라인 매장에서 수선비 고객부담으로 진행됩니다. 같이 코디된 가방과 목걸이는 코디용이니 참고하여 주시길 바랍니다.,0,C5-003.jpg,1
C5-004,여성의류,여성원피스,엘블룸,꽃나염 원피스(14SCOP1000),59001,V네크라인으로 가볍고 부담없이 착용하기 좋은 꽃나염 원피스입니다. 허리라인을 감싸주어 매듭을 묶으면 슬림하면서도 글램하게 연출이 가능한 아이템입니다. ,0,C5-004.jpg,1
C5-005,여성의류,여성원피스,르샵,시원한 마 플라워 A라인 원피스 (le4do204),44000,2014년 신상품. 온라인으로 구매하신 상품은 라인 매장에서 수선비 고객부담으로 진행됩니다. 같이 코디된 가방과 목걸이는 코디용이니 참고하여 주시길 바랍니다.,0,C5-005.jpg,1
C5-006,여성의류,여성원피스,지컷,로맨틱 플라워자수 민소매원피스(72142-37005),150000,로맨틱하면서도 러블리한 플라워 자수 패턴의 민소매 원피스입니다.입체감있는 자수 장식으로 포인트를 주어 데이트 룩으로 사랑스럽게 연출하여도 좋으며 깔끔한 라인의 민소매로 자켓이나 가디건 등 가벼운 아우터와 매치하여 페미닌하게 연출할수있는 아이템입니다. 컬러감이 예뻐 산뜻한 느낌을 주며 여름철 원피스 하나만으로도 분위기있게 스타일링이 가능합니다.,0,C5-006.jpg,1
C5-007,여성의류,여성원피스,숲,리본 프린트 원피스(SQ2OP93),49000,로맨틱 감성을 트렌드와 믹스한 Cute & Romantic & Feminine mix 한 영캐주얼 브랜드 입니다.,0,C5-007.jpg,1
C5-008,여성의류,여성원피스,미쏘,자수 펀칭 민소매 OPS (MIOW42527R),59000,여러가지 재료를 혼합해 만드는 칵테일처럼 글로벌 감성의 베이직 아이템과 트렌디 디자인을 나만의 믹스앤매치 스타일로 창조하는 글로벌 여성 스파 브랜드,0,C5-008.jpg,1
C5-009,여성의류,여성원피스,시슬리,슬림한 원피스(SAOPC7431),143000,2014년 신상품. 온라인으로 구매하신 상품은 라인 매장에서 수선비 고객부담으로 진행됩니다. 같이 코디된 가방과 목걸이는 코디용이니 참고하여 주시길 바랍니다.,0,C5-009.jpg,1
C5-010,여성의류,여성원피스,온앤온,수채화 패턴 민소매 원피스(NW4MO195),79000,2014년 신상품. 온라인으로 구매하신 상품은 라인 매장에서 수선비 고객부담으로 진행됩니다. 같이 코디된 가방과 목걸이는 코디용이니 참고하여 주시길 바랍니다.,0,C5-010.jpg,1
D1-001,남성의류,남성셔츠,series,[epigram] 포인트 블로킹 코튼 썸머셔츠,109000,몸판 중간 부분의 블로킹 디테일로 세련된 감각을 연출,0,D1-001.jpg,1
D1-002,남성의류,남성셔츠,바나나리퍼블릭,2014년 여름 린넨&코튼 블루 버튼다운셔츠,49000,슬림핏으로 적당히 라인감이 살아있음. 한여름철도 착용 가능.,0,D1-002.jpg,1
D1-003,남성의류,남성셔츠,빈폴,[SLIM FIT] 베이직 빅체크 반팔 셔츠,97000,빈폴만의 고유체크 패턴. 버튼다운 카라 디테일.,0,D1-003.jpg,1
D1-004,남성의류,남성셔츠,지오지아,옥스포드 조직감 화이트 셔츠,15000,기본 셔츠와 다르게 고급스러운 옥스포드 짜임으로 퀄리티를 높임.,3000,D1-004.jpg,1
D1-005,남성의류,남성셔츠,커스텀멜로우,투톤 데님 셔츠,63000,내츄럴한 투톤의 블록 컬러 디자인이 돋보임.,0,D1-005.jpg,1
D1-006,남성의류,남성셔츠,레노마셔츠,블루 핀체크 솔리드배색 스냅셔츠,25000,캐주얼한 스타일,3000,D1-006.jpg,1
D1-007,남성의류,남성셔츠,빈폴,레드 타탄 체크 반팔 셔츠,97000,뒤허리 다트의 슬림한 피팅감이 세련됨. 면 소재로 편안함 제공.,0,D1-007.jpg,1
D1-008,남성의류,남성셔츠,루이까또즈셔츠,블루 쟈가드 클래식핏 반팔셔츠,30000,블루 쟈가드 컬러 안감배색 클래식핏 반팔셔츠.,0,D1-008.jpg,1
D1-009,남성의류,남성셔츠,밴브루,린넨 솔리드 화이트 세미와이드 슬림셔츠,104000,마100% 소재로 여름까지 입을 수 있는 비즈니스 캐쥬얼셔츠.,0,D1-009.jpg,1
D1-010,남성의류,남성셔츠,로가디스,네이비 스트라이프 반팔 드레스셔츠,38000,바닥과 패턴이 일대일로 반복되는 싱글 스트라이프 패턴.,0,D1-010.jpg,1
D2-001,남성의류,남성팬츠,지오지아,벨트포함 캐주얼 면스판 팬츠,49800,소개감이 가볍고 신축성 우수.,0,D2-001.jpg,1
D2-002,남성의류,남성팬츠,지이크,멜란지 네이비 슬림 다이나믹 스판 정장 팬츠,99000,세련된 디자인. 스판소재 특유의 슬림함이 좋은 제품.,0,D2-002.jpg,1
D2-003,남성의류,남성팬츠,인터메조,짜임포인트 스카이블루 치노팬츠,69000,시원하면서도 캐주얼한 느낌. 착장감 매우 우수.,0,D2-003.jpg,1
D2-004,남성의류,남성팬츠,T.I FOR MEN,오션블루 슬림 면스판 치노팬츠,55000,슬림한 실루엣. 캐주얼룩을 완성시켜주는 컬러.,0,D2-004.jpg,1
D2-005,남성의류,남성팬츠,타미힐피거,남성머서핏 가먼다잉 치노팬츠,95000,반골반 스타일. 허벅지라인과 골반에 여유. 아래로 갈수록 슬림.,0,D2-005.jpg,1
D2-006,남성의류,남성팬츠,지오지아,네이비 기본 슬림정장바지,40000,편안한 기본핏 맵시있는 라인감.,0,D2-006.jpg,1
D2-007,남성의류,남성팬츠,빨질레리,투톤 그레이 노턱 면스판 바지,168000,밝은 색감의 투톤 컬러가 멋스러운 면스판 소재 제품.,0,D2-007.jpg,1
D2-008,남성의류,남성팬츠,다반,그레이 체크 노턱 춘하 바지,89000,은은한 톤온톤 체크패턴의 그레이 울바지.,0,D2-008.jpg,1
D2-009,남성의류,남성팬츠,MVIO,베이지 노턱 면스판 바지,95000,부드러운 터치감의 고밀도 면스판 소재 제품.,0,D2-009.jpg,1
D2-010,남성의류,남성팬츠,캠브리지멤버스,링클프리 그레이 단품하의,79000,구김이 없는 단품 하의. 실용적이며 시원한 소재.,0,D2-010.jpg,1
D3-001,남성의류,남성자켓,커스텀멜로우,씨어서커 스트라이프 블레이져,170000,투버튼 여밈 디자인. 안쪽에 스트랩적용.,0,D3-001.jpg,1
D3-002,남성의류,남성자켓,제스,블루 스트레치 슬림 캐쥬얼 면자켓,49000,면스판 소재. 착용감과 통기성 우수.,0,D3-002.jpg,1
D3-003,남성의류,남성자켓,지오지아,AND Z 스카이 블루 면/마 캐쥬얼 자켓,119000,시원하고 산뜻한 느낌의 스카이블루 색감의 자켓.,0,D3-003.jpg,1
D3-004,남성의류,남성자켓,지이크,레드 린넨 슬림 캐주얼 자켓,150000,린넨 소재의 시원한 원단감. 비즈니스 캐주얼 연출 용이.,0,D3-004.jpg,1
D3-005,남성의류,남성자켓,BON,린넨 스판 캐주얼 자켓,124000,슬림 하면서도 텐션의 편안함이 더해짐.,0,D3-005.jpg,1
D3-006,남성의류,남성자켓,갤럭시라이프스타일,실크 마 혼방 블루 체크 투버튼 쟈켓,321000,실크와 린넨이 혼방. 세련되고 고급스러운 비즈니스 캐주얼룩 연출가능.,0,D3-006.jpg,1
D3-007,남성의류,남성자켓,로가디스그린,네이비 폴리 투버튼 쟈켓,89000,노치드 라펠이 매치된 테일러드 카라 디자인.,0,D3-007.jpg,1
D3-008,남성의류,남성자켓,다반,블루여름자켓,99000,죽섬유가 혼방. 구김에 굉장히 강함.,0,D3-008.jpg,1
D3-009,남성의류,남성자켓,바쏘,추동 이태리 말라리우스 고급 수입원단 콤비쟈켓,99000,고급 순모 소재의 제품. 브라운 계열의 다양한 컬러들.,0,D3-009.jpg,1
D3-010,남성의류,남성자켓,안토니모라토,클래식 더블 자켓,209000,클래식한 라인의 더블자켓. 더블버튼 라인.,0,D3-010.jpg,1
D4-001,남성의류,남성니트,타미힐피거,코튼&캐시미어 클래식 레드 라운드 니트,118000,기본 스타일의 클래식한 라운드 풀오버,0,D4-001.jpg,1
D4-002,남성의류,남성니트,그레이하운드,반폴라 배색 니트,127500,배색이 들어간 반폴라 니트. 정장이나 캐주얼한 코디 적합.,0,D4-002.jpg,1
D4-003,남성의류,남성니트,나파피리,오렌지보카시니트,220800,자연 친화적 색감. 터치감 매우 부드러움.,0,D4-003.jpg,1
D4-004,남성의류,남성니트,바나나리퍼블릭,코튼 네이비패치 브이넥니트,119000,슬림한 라인과 팔꿈치 패치로 포인트.,0,D4-004.jpg,1
D4-005,남성의류,남성니트,series,[epigram] 블록 그라데이션 니트,159000,9부 디자인으로 활동성 우수.,0,D4-005.jpg,1
D4-006,남성의류,남성니트,로가디스 그린,네이비 아가일 울 네프 반짚업 스웨터,129000,네프사가 믹스된 트렌디한 울 소재 제품.,0,D4-006.jpg,1
D4-007,남성의류,남성니트,바쏘,추동 핑크 꽈배기 이태리 수입원단 브이넥 스웨터,49000,넬슨의 고급 수입원사. 꽈배기 문양이 포인트.,0,D4-007.jpg,1
D4-008,남성의류,남성니트,탑기어,어꺠 조직 변형 R넥풀오버,159000,Uahdksdml 라운드넥 니트. 어꺠변형조직과 지퍼포인트.,0,D4-008.jpg,1
D4-009,남성의류,남성니트,일모로,순모 저지 브이넥 스웨터,148000,어떤 캐주얼과도 울림. 차별화된 르네상스 컬러와 스타일.,0,D4-009.jpg,1
D4-010,남성의류,남성니트,일꼬르소,보카시 린넨혼방 라운드니트,153000,캐주얼룩 세미 수트룩으로 코디하여 개성있는 연출.,0,D4-010.jpg,1
D5-001,남성의류,남성코트,커스텀멜로우,가죽 포인트 하이넥 코트,215000,다양한 디자인의 행커치프 아이템과 믹스매치시 감각적 스타일.,0,D5-001.jpg,1
D5-002,남성의류,남성코트,그레이하운드,탈착테일러드슬림코트,408000,롱코트 하프자켓 연출가능. 청바지와 셔츠로 코디.,0,D5-002.jpg,1
D5-003,남성의류,남성코트,워모,캐주얼 정장스타일 하이넥카라 다크그레이 모직 하프코트,189000,모던하면서도 시크한 느낌의 모직 하프코트.,0,D5-003.jpg,1
D5-004,남성의류,남성코트,킨록 by 킨록,체스터 캐시미어 100 차콜그레이코트,799000,자카트 라인의 킨록 싱글 코트.,0,D5-004.jpg,1
D5-005,남성의류,남성코트,안토니모라토,더블 트렌치코트,229000,전면 버튼과 허리벨트 숄더 견장 디테일.,0,D5-005.jpg,1
D5-006,남성의류,남성코트,일꼬르소,솔리드컬러 기본디자인 트렌치코트,251000,가벼운 중량감. 부드러운 터치감.,0,D5-006.jpg,1
D5-007,남성의류,남성코트,빨질레리,브라운 캐시미어 코트,1050000,100% 캐시미어 소재로 착장감이 가벼우면서 부드러움.,0,D5-007.jpg,1
D5-008,남성의류,남성코트,갤럭시 라이프스타일,패딩 라이너 네이비 디테쳐블 코트,279300,버튼으로 탈착 가능한 라이너 구성.,0,D5-008.jpg,1
D5-009,남성의류,남성코트,다반,홑겹 춘하용 트렌치코트,350000,은은한 칼라감 광택감이 고급스러움.,0,D5-009.jpg,1
D5-010,남성의류,남성코트,로가디스,네이비 폴리 스탠딩넥 THINSULATE 패딩 코트,395000,3M사의 신슐레이드 충전재를 패딩 처리하여 보온성 우수.,0,D5-010.jpg,1
E1-001,스포츠.레저,수영복.용품,아레나수영복,남성 비치 래쉬가드 수영복,44000,,0,E1-001.jpg,1
E1-002,스포츠.레저,수영복.용품,아레나수영복,남성 비치 반바지 수영복,35000,심플하면서 강렬한 스트라이프 패턴.,0,E1-002.jpg,1
E1-003,스포츠.레저,수영복.용품,엘르수영복,여성 홀터넥 쫄쫄이 비치원피스,98000,원단 신축성이 우수.,0,E1-003.jpg,1
E1-004,스포츠.레저,수영복.용품,잔센,탑형비치실내수영복,75000,앞쪽에 샤링이 잡혀있어 체형 커버.,0,E1-004.jpg,1
E1-005,스포츠.레저,수영복.용품,엘르수영복,남여공용 수영 망사가방,15000,남녀 공용 망사가방.,3000,E1-005.jpg,1
E1-006,스포츠.레저,수영복.용품,아레나수영복,아동 구명쪼끼,35000,25kg초과 50kg 이하,0,E1-006.jpg,1
E1-007,스포츠.레저,수영복.용품,아레나수영복,아쿠아스킨슈즈,45000,,0,E1-007.jpg,1
E1-008,스포츠.레저,수영복.용품,엘르수영복,안티포그수경,10000,,3000,E1-008.jpg,1
E1-009,스포츠.레저,수영복.용품,엘르수영복,실리콤수모 엘르로고 수영용품,5000,내염소성이 뛰어난 실리콘 세무형태.,3000,E1-009.jpg,1
E1-010,스포츠.레저,수영복.용품,아레나수영복,오리발 용품 이태리 수영 용품,43000,,0,E1-010.jpg,1
E2-001,스포츠.레저,등산.텐트.침낭.용품,블랙야크,고어텍스 등산모자,20000,언발란스 패턴에 레이저 패턴 적용.,3000,E2-001.jpg,1
E2-002,스포츠.레저,등산.텐트.침낭.용품,밀레,트레블 35L 등산배낭,45000,,0,E2-002.jpg,1
E2-003,스포츠.레저,등산.텐트.침낭.용품,밀레,밀레 팔토시,14000,자외선 차단 냉감소재 빠른 흡습속건.,3000,E2-003.jpg,1
E2-004,스포츠.레저,등산.텐트.침낭.용품,밀레,등산 스틱 노난트 프로 4단 쌍스틱,84000,응력부식에 의한 균열현상을 극복한 특수합금 소재.,0,E2-004.jpg,1
E2-005,스포츠.레저,등산.텐트.침낭.용품,크로스,스나이퍼 오리털 침낭+에어배게,30000,방수기능과 내구성이 우수한 210T 고밀도 원단 사용.,0,E2-005.jpg,1
E2-006,스포츠.레저,등산.텐트.침낭.용품,엣지하우스,홀리데이 돔텐트 6인용,176000,4면 대형 출입구. 통풍이 원활한 이너텐트.,0,E2-006.jpg,1
E2-007,스포츠.레저,등산.텐트.침낭.용품,노스피크,옐로우스톤 텐트 6인용,599000,PU UV코팅 2가지 모두 적용.,0,E2-007.jpg,1
E2-008,스포츠.레저,등산.텐트.침낭.용품,코베아,필드 릴렉스 의자,52000,내구성 뛰어난 시트 인체공학적 팔걸이.,0,E2-008.jpg,1
E2-009,스포츠.레저,등산.텐트.침낭.용품,콜럼버스,2인용 더블 해먹,26000,캠핑 여행 등에서 용이함.,3000,E2-009.jpg,1
E2-010,스포츠.레저,등산.텐트.침낭.용품,네파,아이스넥쿨러,3600,얼음 없이도 언제 어디서나 시원함을 느낄 수 있음.,3000,E2-010.jpg,1
E3-001,스포츠.레저,헬스용품,백화점 헬스샵,툰투리 클래식 T1.0,2780000,,0,E3-001.jpg,1
E3-002,스포츠.레저,헬스용품,백화점 헬스샵,가온휘트니스 싸이클,1003000,,0,E3-002.jpg,1
E3-003,스포츠.레저,헬스용품,백화점 헬스샵,인모션 가정용 콤팩트 일립티컬,99000,전신 근력운동과 유산소운동을 한번에 할 수 있음.,0,E3-003.jpg,1
E3-004,스포츠.레저,헬스용품,백화점 헬스샵,슬렌더톤 시스템 복부 강화기,269000,,0,E3-004.jpg,1
E3-005,스포츠.레저,헬스용품,바디엑스,공간세이버 접이형 올림픽벤치프레스,812000,중량봉 1800mm+클래식중량원판 65kg세트.,0,E3-005.jpg,1
E3-006,스포츠.레저,헬스용품,바디엑스,파워타워 토탈랙,590000,치닝 디핑 레그레이즈 가능.,0,E3-006.jpg,1
E3-007,스포츠.레저,헬스용품,비에스,비스펙 스타일 케틀벨 16kg,43000,지구력과 근력 유산소운동 가능.,0,E3-007.jpg,1
E3-008,스포츠.레저,헬스용품,바디엑스,경량 역기봉 시리즈,80000,지름 25mm 2000mm 경량특봉.,0,E3-008.jpg,1
E3-009,스포츠.레저,헬스용품,바디엑스,중량 트라이셉바,180000,암컬 삼두 이두근 단련기구로 사용 가능.,0,E3-009.jpg,1
E3-010,스포츠.레저,헬스용품,금우글로벌스포츠,파워악력기,24000,메탈소재. 손잡이 부분 다이아몬드패턴으로 가공.,3000,E3-010.jpg,1
E4-001,스포츠.레저,스키보드 의류.용품,휠라,스키/보드 라이프스타일자켓,69000,안에 폴리폴리스자켓이 레이어드 처리.,0,E4-001.jpg,1
E4-002,스포츠.레저,스키보드 의류.용품,EXR,남성 보드 다운자켓,399000,,0,E4-002.jpg,1
E4-003,스포츠.레저,스키보드 의류.용품,HEAF,레블스 와이드 프레임 고글,76000,렌즈 주변 프레임을 없애 시야확보 용이.,0,E4-003.jpg,1
E4-004,스포츠.레저,스키보드 의류.용품,FILA,남여공용 겨울장갑,32900,가볍고 보온성이 우수한 니트 기모 원단 사용.,0,E4-004.jpg,1
E4-005,스포츠.레저,스키보드 의류.용품,케이스위스,남성용스포츠양말,7000,,3000,E4-005.jpg,1
E4-006,스포츠.레저,스키보드 의류.용품,컬럼비아,여성용 옴니히트 방수 스키바지,71000,보온성이 뛰어난 옴미히트 리블렉티브.,0,E4-006.jpg,1
E4-007,스포츠.레저,스키보드 의류.용품,스포키,어린이 산타 스키 플레이트,35000,4~10세 이용가능. ABS 재질.,0,E4-007.jpg,1
E4-008,스포츠.레저,스키보드 의류.용품,옵션,버즈런 바인딩,148000,완충효과 인사이드버클 아웃사이드버클 정밀세팅 가능.,0,E4-008.jpg,1
E4-009,스포츠.레저,스키보드 의류.용품,블렌트,CELL 데님 팬츠,155000,슬림핏 부드러움과 초경량.,0,E4-009.jpg,1
E4-010,스포츠.레저,스키보드 의류.용품,에프엔에스,블리스 보드복 팬츠,99000,고기능성 방수 투습.,0,E4-010.jpg,1
E5-001,스포츠.레저,스포츠 슈즈,아디다스,니짜 로우,69000,,0,E5-001.jpg,1
E5-002,스포츠.레저,스포츠 슈즈,나이키,우먼스 아노다인,99000,미끄러운 노면에서 주의해야 함.,0,E5-002.jpg,1
E5-003,스포츠.레저,스포츠 슈즈,HEAF,남녀 아쿠아슈즈,29000,,3000,E5-003.jpg,1
E5-004,스포츠.레저,스포츠 슈즈,아디다스,클라이마칠 레볼루션,104000,여름철 러닝에도 신발 안의 온도와 습도를 낮추어 줌.,0,E5-004.jpg,1
E5-005,스포츠.레저,스포츠 슈즈,디아도라,디아도라 트렉,89000,클래식과 현대적 스타일의 조화.,0,E5-005.jpg,1
E5-006,스포츠.레저,스포츠 슈즈,스프리스,PONY 초경량 런닝/워킹화,99000,,0,E5-006.jpg,1
E5-007,스포츠.레저,스포츠 슈즈,나이키,하이퍼베놈 펠론 축구화,89000,중창 윤곽이 있는 깔창과 섬유재질의 윗 직물은 지원력과 편안함을 제공.,0,E5-007.jpg,1
E5-008,스포츠.레저,스포츠 슈즈,나이키,줌 스트럭쳐,139000,내구성이 우수하고 안정적 런닝에 도움을 줌.,0,E5-008.jpg,1
E5-009,스포츠.레저,스포츠 슈즈,나이키,코르테즈 베이직 나일론 06,79000,,0,E5-009.jpg,1
E5-010,스포츠.레저,스포츠 슈즈,나이키,머큐리얼 벨로체,159000,혁신적인 베이퍼 트랙션.,0,E5-010.jpg,1
F1-001,유아동,유아의류,압소바,에릭정장3PCS(AN121201),71500,면 소재 니트 티셔츠와 정장스타일 상하복이 SET인 상품으로 귀엽고 깜찍하며 고급스러운 디자인입니다. 정장스타일의 상하복으로 티셔츠는 와이셔츠 모양으로 면소재이며 타이는  탈부착이 가능합니다. 바지는 100% 면바지로  봄가을에 편하게 입히실 수 있는 디자인입니다. 니트 티셔츠는은  단독으로  다른옷에도 코디할수 있는 디자인이며 아기를 더욱 멋스럽게 표현해줄 수 있습니다.,0,F1-001.jpg,1
F1-002,유아동,유아의류,압소바,로티 로맨틱 상하(AN151203),52500,깜찍하고 귀엽게 입힐 수 있는 디자인으로 매우 예쁩니다. 백일이나 돌아이들에게 편하게 입히실 수 있는 스타일입니다. 허리는 고무줄로 되어있어 신축성이 있는 디자인이며 캉캉스타일로 정말 고급스러운 디자인입니다. 깜찍한 스타일로 선물용으로도 정말 좋은 아이템입니다. 속바지가 포함입니다.,0,F1-002.jpg,1
F1-003,유아동,유아의류,갭 키즈,[GAP]베이비 여아 청 앞단추 원피스(5234240651055),38500,모니터 해상도 밝기 컴퓨터 사양 이미지에 따라 약간의 색상 차이가 있을수있습니다. 품질 경영 촉진법에 의한 품질 표시를 꼭 참조하시어 세탁하십시오.,2000,F1-003.jpg,1
F1-004,유아동,유아의류,오가닉맘,레이스퍼프소매여아상하[MZT6ES02],42200,반팔과 반바지가 세트인 여아 여름 상하복. 소매부분과 하의가 퍼프형식으로 디자인되어 여성스러운 느낌이 들며 활동성이 좋게 제작되었다. 하의 허리부분 고무줄처리로 입고 벗기에 용이하다. 상하의 각각 따로 코디하기에도 좋은 실용적인 상품. ,0,F1-004.jpg,1
F1-005,유아동,유아의류,에뜨와,니나튜튜스커트상하 (07G3 23025),29400,단품코디가 가능하며 백일이나 돌사진등 외출할때 화사하게 입기 좋은 상하복 입니다. 티셔츠는 면소재로 되어있어 활동성이 착용감이 가볍고 부드럽습니다. 캉캉스타일의 튜튜스커트로 안감은 면으로 처리되어 있습니다.,2500,F1-005.jpg,1
F1-006,유아동,유아의류,파코라반 베이비,모리스정장상하[PO351201],71200,기본 정장 상하복 으로 아기에게 잘 어울리는 느낌이며 편안하게 백일 돌 사진용으로 가능하며 외출복 으로 입어도 좋고 여름 신상품으로 예쁘게 입을수 있어 선물용으로도 좋은 상품입니다.,0,F1-006.jpg,1
F1-007,유아동,유아의류,블루독베이비,강아지나염상하복[44312-610-040],68000,강아지 나염 모양의 상하복으로 색감이 넘 예쁘며 귀엽고 깜찍한 스타일의 상하복 세트,0,F1-007.jpg,1
F1-008,유아동,유아의류,밍크뮤,도트다이마루OP,49000,면이부드럽고 활동적으로 입을수있는 원피스. 리본장식이 포인트를주고 귀여운스타일의 원피스임,0,F1-008.jpg,1
F1-009,유아동,유아의류,아디다스키즈,트레포일 인펀트 티쇼츠 셋트,55000,꾸준한 인기의 오리지널스 상하의 조거 셋트입니다. 오리지널 로고가 새겨져 있으며 귀여운 느낌이 가미되어 많은 이들의 사랑을 받고 있는 제품입니다. 면으로 되어있어 가볍게 입을수있으며 아디다스 느낌이 표현된 인펀트 의류입니다.,0,F1-009.jpg,1
F1-010,유아동,유아의류,쇼콜라,GW뮤즈 드레스,312000,특별한 날 입힐 수 있는 스페셜한 드레스. 가슴부분에 화려한 레이스가 포인트며 패티코트를 입히지 않아도 넓고 풍성하게 퍼지는 스커트가 특징입니다. ,0,F1-010.jpg,1
F2-001,유아동,여아 아동의류,베네통키즈,스트라잎매칭컬러나시원피스,29000,소재가 부드럽고 착용감은 좋으며 시원하게 입을수 있는 상품입니다. 화사한 컬러감으로 아이들이 좋아하는 상품입니다. 정사이즈로 주문하세요. 제품의 원단특성상 착용세탁시 보풀이 일어날수 있습니다,2500,F2-001.jpg,1
F2-002,유아동,여아 아동의류,티파니,블랙도트쉬폰원피스,49000,시원해보이는 블랙쉬폰원단에 도트패턴 원피스 아이템.나시형으로 프릴소매가 포인트이며 진주리본 목걸이와 세트입니다,0,F2-002.jpg,1
F2-003,유아동,여아 아동의류,닥스 키즈,피케 원피스,117000,체크카라 배색의 피케 원피스. 아일렛 레이스 소재를 매치하여 시원함 강조,0,F2-003.jpg,1
F2-004,유아동,여아 아동의류,빈폴키즈,핑크 체크 블라우스,93000,빈폴키즈의 핑크 체크 블라우스입니다. 셔링과 리본 장식 등의 페미닌한 디테일이 돋보이는 제품입니다.  화사한 컬러 매치의 체크 소재가 멋스럽고 뒤허리의 끈 처리로 피팅감이 페미닌합니다. 발랄한 연출이 가능한 아이템입니다.,0,F2-004.jpg,1
F2-005,유아동,여아 아동의류,타미힐피거 칠드런,토들러 공용 투포켓 멀티체크 셔츠,41000,뒷부분에 프린트 되어 포인트를 준 세련된 스타일이에요. 어느 옷에 매치해도 잘 어울리는 스타일입니다. 남녀공용이므로 여자 사이즈는 한 사이즈 작게 주문하시길 권장합니다.,0,F2-005.jpg,1
F2-006,유아동,여아 아동의류,쇼콜라,마카롱블라우스,71000,은은한 광택감이 도는 꽃나염지 소재에 벨벳테이프로 포인트를준 깜찍한 느낌의 A라인 블라우스입니다.,0,F2-006.jpg,1
F2-007,유아동,여아 아동의류,티파니, S/T 다이마루쟈켓,39000,정장이나 캐쥬얼 모두 코디가 용이한 쟈켓입니다.,2500,F2-007.jpg,1
F2-008,유아동,여아 아동의류,티파니,레드분또쟈켓,57000,펄감이 있는 망또 스타일로 큐티한 이미지 연출이 가능한 상품입니다. 카라부분의 레이스장식은 탈부착이 가능하며 스커트바지 모두 코디가 용이합니다.,0,F2-008.jpg,1
F2-009,유아동,여아 아동의류,아놀드파마 주니어,데님자켓,77000,활동성을 강조한 캐쥬얼한 느낌의 데님여아자켓. 소매안쪽 체크원단배색사용으로 소매를 접었을때도 멋스런 연출가능한 스타일.,0,F2-009.jpg,1
F2-010,유아동,여아 아동의류,프랜치캣,그레이 S/T JK,69000,고급스러운 그레이와 화이트색상이 스트라이프 형식으로 되어있는 자켓입니다.,0,F2-010.jpg,1
F3-001,유아동,남아 아동의류,휠라 키즈,기능성 트레이닝 세트,47800,부드러운 착용감. 흡습속건 S-DRY 소재를 사용하여 활동이 많은 아이들에게 최상의 쾌적함을 제공 스포티한 디자인의 샤커라인 반팔/반바지 트레이닝 세트,0,F3-001.jpg,1
F3-002,유아동,남아 아동의류,엠엘비키즈,기능성 유니폼 반팔티,56000,[뉴욕 양키스]기능성 유니폼 반팔티,0,F3-002.jpg,1
F3-003,유아동,남아 아동의류,닥스 키즈,하우스체크 반팔 셔츠,89000,하우스체크 기본 반팔셔츠. BU 컬러의 샴브레이 배색으로 시원한 느낌,0,F3-003.jpg,1
F3-004,유아동,남아 아동의류,리바이스(키즈),버팔로 체크셔츠,68000,네이비와 화이트 잔고방으로  깔끔하고 시원한  마린 느낌의 체크 셔츠. 뒤판 요크 톤톤 1도 나염으로 포인트를 준 세련된 디자인의 셔츠. 매장과 동시 판매로 조기 품절될 수 있습니다.,0,F3-004.jpg,1
F3-005,유아동,남아 아동의류,타미힐피거 칠드런,남녀공용 민트체크 셔츠,50400,시원한 민트컬러 체크 패턴의 반소매 셔츠!! 깅엄 패턴이 소매 끝단에 들어간 트윌소재의 민트체크 셔츠에요^^,0,F3-005.jpg,1
F3-006,유아동,남아 아동의류,빈폴키즈,네이비 요트 프린트 스판 반바지,75000,빈폴키즈의 네이비 요트 프린트 스판 반바지입니다. 요트 모티브의 시원한 프린트가 돋보이는 면스판 소재 제품입니다. 텐션감이 좋은 소재로 착장감이 편안합니다. 심플한 솔리드 컬러의 상의와 매치하기 좋은 아이템입니다.,0,F3-006.jpg,1
F3-007,유아동,남아 아동의류,리바이스(키즈),원워싱5부데님팬츠,55000,워싱이 없는 기본 5부 데님팬츠로 입고 벗기 편하고 활동성 좋게 허리에 밴드 처리됨. 얇고 스판성 좋은 소재로 시원하고 편하게 입을 수 있는 슬림 스트레이트핏의 5부 팬츠. 매장과 동시 판매로 조기 품절될 수 있습니다.,0,F3-007.jpg,1
F3-008,유아동,남아 아동의류,아디다스키즈(아동),유스보이 우븐 쇼츠,29000,YB C WV SHORT 유스보이 우븐 쇼츠 / 아동 반바지 / 키즈 기능성 바지 - M66183,2500,F3-008.jpg,1
F3-009,유아동,남아 아동의류,나이키 키즈,윈드러너 2 LK NIKE,63000,100% 폴리에스테르. 비비드 블루/리플렉티브 실버,0,F3-009.jpg,1
F3-010,유아동,남아 아동의류,게스(키즈),블루 화섬 점퍼,110600,봄가을 필수품인 바람막이 점퍼 입니다,0,F3-010.jpg,1
F4-001,유아동,여아 주니어의류,타미힐피거 칠드런,여아 베이직 피케 폴로 반팔 카라티,40600, 타미힐피거 베이직 반소매 피케 폴로 입니다. 총 8가지 색상이니 색상 선택에 주의하여 주문해주세요^^,0,F4-001.jpg,1
F4-002,유아동,여아 주니어의류,타미힐피거 칠드런,여아 썸머 나시 원피스,39000,타미 베이직 라인으로 고급스러운 드레스입니다. 드레시 하면서도 목부분에 레이스 장식이 세련미를 더해주며 SUMMER시즌에 가장 시원하게 입을 수 있는 원피스입니다!,2000,F4-002.jpg,1
F4-003,유아동,여아 주니어의류,게스(키즈),고방체크셔츠,55000,슬림 핏으로 피팅시 캐쥬얼하면서도 사랑스러운 스타일 연출이 가능한 아이템입니다.,0,F4-003.jpg,1
F4-004,유아동,여아 주니어의류,닥스 키즈,하우스치크 블라우스,117000,하우스체크 프릴 블라우스. 어깨요크와 암홀로 떨어지는 프릴단이 러블리한 느낌 강조,0,F4-004.jpg,1
F4-005,유아동,여아 주니어의류,블루테일,여아 그레이해골패턴가디건,77000,스컬 전판패턴을 톡톡한 터치감에 가벼운느낌의 이중온스로 제안 유머러스하고 여아스러운 발랄함이 느껴지는 스트릿감성 아이템입니다. 세련된 그레이칼라 제안하였습니다.,0,F4-005.jpg,1
F4-006,유아동,여아 주니어의류,짐보리,오렌지 고양이가디건,56000,오렌지색상의 니트 가디건 입니다. 라운드형이고 여미는 부분은 단추로 되어 있습니다. 소매와 허리는 시보리 되어 있습니다. 어깨와 목에 고양이를 두른듯한 그림이 디자인 되어 있습니다. 5세부터12세까지 입을수 있습니다.,0,F4-006.jpg,1
F4-007,유아동,여아 주니어의류,갭 키즈,키즈 여아 초록/흰색 꽃패턴 플레어스커트,38500,[GAP]키즈 여아 초록/흰색 꽃패턴 플레어스커트(5214233521061),2500,F4-007.jpg,1
F4-008,유아동,여아 주니어의류,리바이스(키즈),데님벌룬 스커트,29000,워싱이 없는 데님에 주름으로 예쁘게 변형을 준 디자인으로 착용감좋고 다양하게 코디 용이함. 매장과 동시 판매로 조기 품절될 수 있습니다.,2500,F4-008.jpg,1
F4-009,유아동,여아 주니어의류,빈,여아스커트,78000,선명하고 깔끔한 네이비 컬러의 다이마루 소재 플레어 스커트 아이템입니다. 발랄하게 연출되는 플레어 실루엣으로 다양한 티셔츠와 제안할 수 있으며 트렌디하고 경쾌한 스타일링을 연출해주는 아이템입니다. 민트컬러 티셔츠와 함께 미니멀하고 경쾌한 여아의 스타일링을 제안할 수 있습니다.,0,F4-009.jpg,1
F4-010,유아동,여아 주니어의류,애스크 주니어,빅체크스커트,35000,여아 빅체크 주름 스커트,2500,F4-010.jpg,1
F5-001,유아동,남아 주니어의류,아디다스키즈(아동),유스 보이 티로 트랙 수트 셋트/ 트레이닝세트,71000,유스 보이 티로 트랙 수트 셋트 / 트레이닝세트,0,F5-001.jpg,1
F5-002,유아동,남아 주니어의류,톰키드,남아 상하쿨셋트,48900,시원한 폴리매쉬 소재로 배색과 스포티한 그래픽이 포인트,0,F5-002.jpg,1
F5-003,유아동,남아 주니어의류,애스크 주니어,남아 쿠션지 핀턱 팬츠,29000,땀흡수와 건조가 빠른 기능성 소재의 쿨맥스 바지입니다. 가볍고 부드러운 느낌으로 편안하게 착용할 수 있으며 얇은 두께감으로 초여름까지도 입기 좋은 아이템입니다. 남아 쿠션지 후드점퍼(JU1ZTC192MU-LY)와 세트로 입을 수 있는 제품입니다.,2500,F5-003.jpg,1
F5-004,유아동,남아 주니어의류,게스(키즈),체인 스티치 스키니데님,95000,스키니핏 데님팬츠입니다. 오렌지칼라의 체인스티치 디테일과 오렌지톤 금속장식으로 멋스러운 아이템입니다. 텐션감이 좋아 착장감이 편안하고 약한 브러쉬워싱으로 고급스럽니다. 다양한 상의에 매치하여 활용하기 좋습니다.,0,F5-004.jpg,1
F5-005,유아동,남아 주니어의류,타미힐피거 칠드런,토들러남아옥스포드셔츠,47000,기본 옥스포드셔츠,0,F5-005.jpg,1
F5-006,유아동,남아 주니어의류,아놀드파마 주니어,변형남방,53500,마린느낌이 나는 남아셔츠. 활동성이 좋은 아이템으로 데님바지나 면바지와 코디하면 좋음.,0,F5-006.jpg,1
F5-007,유아동,남아 주니어의류,나이키 키즈,나이키 N98 FFF 어센틱 트랙 자켓,76000,나이키 N98 FFF 어센틱 트랙 자켓 YTH. 8-13세 의류. 미드나잇 네이비/화이트/화이트,0,F5-007.jpg,1
F5-008,유아동,남아 주니어의류,블랙야크(키즈),신상 블랙야크 키즈 KB2XK8자켓,129000, 스트레치 성이 우수한 소프트쉘 소재로 편안한 활동성 유지. 넥과 밑단 부위 시보리소재 적용되어 캐쥬얼하면서도 밀착된 피팅감. 배색컬러 적용과 빈티지한 로고와펜들 적용,0,F5-008.jpg,1
F5-009,유아동,남아 주니어의류,빈,남아 화이트 자켓 ,31000,깔끔하게 떨어지는 실루엣이 깨끗한 스타일을 연출하는 화이트 칼라의 면 자켓입니다. 깔끔하게 떨어지는 실루엣이 멋스러우며 소매를 걷어서 연출하거나 이너로 티셔츠 또는 티셔츠를 입어 프랜치 캐주얼 스타일을 연출할 수 있습니다. ,2500,F5-009.jpg,1
F5-010,유아동,남아 주니어의류,애스크 주니어,공용 스트라이프 스웨터,20000,공용 라운드 스트라이프 스웨터입니다. 팔꿈치에 가죽보호대를 매치해 멋스러움을 더했습니다.,2500,F5-010.jpg,1
G1-001,가전.컴퓨터,TV.냉장고.세탁기.계절가전,LG전자,휘센 LD-068DSP 제습기,200000,국내최저소음.,0,G1-001.jpg,1
G1-002,가전.컴퓨터,TV.냉장고.세탁기.계절가전,캐리어,벽걸이형 캐리어에어컨 CSR-A062SE,455000,향균필터 제습운전 자동운전.,0,G1-002.jpg,1
G1-003,가전.컴퓨터,TV.냉장고.세탁기.계절가전,삼성전자,포터블쿨러 쿨프레소 AZ10H9990W AD,599000,물통용량:0.65L/다크블루. 전기 요금 저렴.,0,G1-003.jpg,1
G1-004,가전.컴퓨터,TV.냉장고.세탁기.계절가전,LG전자,DIOS 양문형냉장고 R-F955EDSB,6569000,세계 최초 더블 매직스페이스,0,G1-004.jpg,1
G1-005,가전.컴퓨터,TV.냉장고.세탁기.계절가전,삼성전자,지펠 양문형냉장고 RF90H90017BB,2756000,상냉장 하냉동 구조. T Type 냉장고로 편리하고 신선하게 보관 가능.,0,G1-005.jpg,1
G1-006,가전.컴퓨터,TV.냉장고.세탁기.계절가전,삼성전자,지펠아삭 뚜껑식 김치냉장고 ZT22FCRTSHWE,1017970,5면 메탈냉각. 파워쿨링커버. 장소 상황에 따른 최적 온도조절.,0,G1-006.jpg,1
G1-007,가전.컴퓨터,TV.냉장고.세탁기.계절가전,LG전자,TROMM 6모션 터보샷 드럼세탁기 F2996NCZ1,614500,6모션으로 더 빠르고 깨끗한 빨래 가능.,0,G1-007.jpg,1
G1-008,가전.컴퓨터,TV.냉장고.세탁기.계절가전,삼성전자,버블샷3 W9000 드럼세탁기 WD19H9400KP ,1813290,파워청정헹굼으로 더욱 강력. 아웃도어 토탈솔루션 제공.,0,G1-008.jpg,1
G1-009,가전.컴퓨터,TV.냉장고.세탁기.계절가전,LG전자,HD LED TV 32LB555B 80cm 스탠드형,553020,178도 넓은 광시야각  상하좌우 보는 위치이 따른 색상왜곡 없음.,0,G1-009.jpg,1
G1-010,가전.컴퓨터,TV.냉장고.세탁기.계절가전,LG전자,3D 블루레이 홈씨어터 BH9530TW,1966300,9.1ch 3D 사운드  편리한 무선기술  스마트TV 기능.,0,G1-010.jpg,1
G2-001,가전.컴퓨터,디카.DSLR.캠코더,캐논,EOS 6D ,2430000,와이파이 무선전송 가능. 초소형  초경량 풀사이즈 CMOS DSLR.,0,G2-001.jpg,1
G2-002,가전.컴퓨터,디카.DSLR.캠코더,니콘,D610 ,2068000,초경량 풀프레임 DSLR,0,G2-002.jpg,1
G2-003,가전.컴퓨터,디카.DSLR.캠코더,소니,ILCE- A5000L,596000,탁월한 호질과 창조적인 기능의 완성. 렌즈교환식.,0,G2-003.jpg,1
G2-004,가전.컴퓨터,디카.DSLR.캠코더,삼성카메라,NX300M,603000,SNS에 바로 업 가능! 180도 미러팝& 틸트 84mm,0,G2-004.jpg,1
G2-005,가전.컴퓨터,디카.DSLR.캠코더,후지,인스탁스미니8,167000,맑은 파스텔의 느낌과 세련된 매트함이 어우러짐.,0,G2-005.jpg,1
G2-006,가전.컴퓨터,디카.DSLR.캠코더,로모그래피,다이아나 미니,69000,나만의 개성을 표현해주는 이미지 연출.,0,G2-006.jpg,1
G2-007,가전.컴퓨터,디카.DSLR.캠코더,니콘,D7100,1170000,DX포맷으로 피사체를 완벽하게 표현.,0,G2-007.jpg,1
G2-008,가전.컴퓨터,디카.DSLR.캠코더,본젠,vonjean 프로페셔널 삼각대 VT-338D,100000,프로페셔널 DSLR용. 가볍고 조작이 빠름.,0,G2-008.jpg,1
G2-009,가전.컴퓨터,디카.DSLR.캠코더,내셔널 지오그래픽,NG A5270 Medium Rucksack ,152000,대도시 사용자의 라이프 스타일에 맞는 일상과 사진에 모두 적합.,0,G2-009.jpg,1
G2-010,가전.컴퓨터,디카.DSLR.캠코더,폰트리,캐논 파워샷 N100 AFP 올레포빅 액정보호필름,12800,광학기기에 근접한 밝은 투명도. 지문방지와 이지클린.,3000,G2-010.jpg,1
G3-001,가전.컴퓨터,스마트폰내비.MP3.학습기기,Joy R7,네비게이션 지니 3D맵(8G),229000,우수한 플랫폼. 안전하고 합리적인 NON-DMB,0,G3-001.jpg,1
G3-002,가전.컴퓨터,스마트폰내비.MP3.학습기기,아이나비,K11(16GB),409000,항공사진 지도 연계. 정전식 터치스크린,0,G3-002.jpg,1
G3-003,가전.컴퓨터,스마트폰내비.MP3.학습기기,아이나비,KP700 마하 voice(32GB),349000,음성인식. 자동밝기조절.,0,G3-003.jpg,1
G3-004,가전.컴퓨터,스마트폰내비.MP3.학습기기,파인드라이브,iQ 3D 5000 16GB,375000,TPEG/3D업데이트 평생 무료.,0,G3-004.jpg,1
G3-005,가전.컴퓨터,스마트폰내비.MP3.학습기기,캠시스,CL-200B 16GB 1채널 블랙박스,249000,Full HD＆HD/4inch LCD/듀얼CPU,0,G3-005.jpg,1
G3-006,가전.컴퓨터,스마트폰내비.MP3.학습기기,아이나비,QXD900View 32GB 블랙박스,399000,FHD&FHD 2CH Sony CMOS WDR 140도 화각,0,G3-006.jpg,1
G3-007,가전.컴퓨터,스마트폰내비.MP3.학습기기,아이로드,IONE-900HD,99000,리얼HD/자동모션/자동주차/GPS가능/스마트폰재생/차량용블랙박스,0,G3-007.jpg,1
G3-008,가전.컴퓨터,스마트폰내비.MP3.학습기기,블랙뷰,Wi-Fi LCD DR750LW-2CH ,369000,Full HD 화질. FOTA 기능으로 내장 WIFi와 앱을 연동.,0,G3-008.jpg,1
G3-009,가전.컴퓨터,스마트폰내비.MP3.학습기기,루카스,LK-9700 (128G/8G),549000,FullHD//주행정보저장/모션감지/2채널/최대512G 지원/시큐리티LED,0,G3-009.jpg,1
G3-010,가전.컴퓨터,스마트폰내비.MP3.학습기기,모쉬,DR8 Neodymium Driver mythro Jet Silver,35000,CNET이 선정한 $50 이하의 최고의 이어폰,0,G3-010.jpg,1
G4-001,가전.컴퓨터,노트북.태블릿.데스크탑,HP,15-D071TU,554000,인텔 펜티엄 쿼드코어 N3510 (2.0GHz)/4G/500G/39.6cm/DVD-RW/Win 8.1,0,G4-001.jpg,1
G4-002,가전.컴퓨터,노트북.태블릿.데스크탑,레노버,씽크패드 T540P 20BE-A00MKR,1657000,인텔4세대 i5-4200M 4GB HDD 500G  39.4cm  Full HD  Win7 Pro 64,0,G4-002.jpg,1
G4-003,가전.컴퓨터,노트북.태블릿.데스크탑,LG전자,울트라북 그램 13Z940-GT30K ,1238000,인텔 4세대 i3-4005U/4GB/128 SSD/Full HD 1920x1080/IPS화질/Win8.1,0,G4-003.jpg,1
G4-004,가전.컴퓨터,노트북.태블릿.데스크탑,소니,SVP13213CKS,1084000, i5-4200U(1.60) 4GB SSD128GB Intel® HD Graphics 4400 (33.7cm),0,G4-004.jpg,1
G4-005,가전.컴퓨터,노트북.태블릿.데스크탑,삼성전자,갤럭시 노트 프로 12.2 SM-P900,880000,32GB/와이파이전용(31cm),0,G4-005.jpg,1
G4-006,가전.컴퓨터,노트북.태블릿.데스크탑,포유컴퓨터,FYS-01,197000,인텔 3세대 아이비 G1630/2GB(DDR3)/500GB(SATA3)정품/인텔HD그래픽스/FREE-DOS,0,G4-006.jpg,1
G4-007,가전.컴퓨터,노트북.태블릿.데스크탑,포유컴퓨터,FYS-07,529000,인텔 4세대 하스웰 i5-4440/4GB(12800)/500GB(SATA3)정품/지포스정품GTX650/FREE-DOS,0,G4-007.jpg,1
G4-008,가전.컴퓨터,노트북.태블릿.데스크탑,삼성전자,아티브북9[NT905S3G-K1WD],990000,AMD Quad-Core Processor Customized for Samsung 4GB 128GB Windows 8.1 (64-bit),0,G4-008.jpg,1
G4-009,가전.컴퓨터,노트북.태블릿.데스크탑,HP,ENVY15-j154TX,1304000,(4세대 코어i7-4700MQ/39.6Cm(1920x1080)/4GB/1TB+24GB/GT840 2GB/윈도우8.1,0,G4-009.jpg,1
G4-010,가전.컴퓨터,노트북.태블릿.데스크탑,ASUS,쿼드코어 태블릿 ME173X-1A085A,190430,1280x800 IPS/GPS/WiFi/블루투스/microSD/전후면카메라/3950mAh,0,G4-010.jpg,1
G5-001,가전.컴퓨터,컴퓨터 주변기기.게임,씨게이트,Expansion Desktop Drive Gen2 5TB ,305000,8.89cm/5000GB/외장하드/3년AS/USB3.0/무광블랙,0,G5-001.jpg,1
G5-002,가전.컴퓨터,컴퓨터 주변기기.게임,COUP,휴대용 외장하드,167000,히트싱크 방식으로 냉각효과를 강화,0,G5-002.jpg,1
G5-003,가전.컴퓨터,컴퓨터 주변기기.게임,삼성전자,840 EVO SSD 120GB SATA3(6Gb/s)/,99000,TRIM 지원/GC 기능/Samsung 1x nm Toggle DDR 2.0 N,0,G5-003.jpg,1
G5-004,가전.컴퓨터,컴퓨터 주변기기.게임,LG전자,LG전자 SSD L500 128GB,95000,멀티플 레벨을 활용하여 한셀 당 2비트의 정보를 저장함.,0,G5-004.jpg,1
G5-005,가전.컴퓨터,컴퓨터 주변기기.게임,LG전자,J9 USB 3.0 메모리,12700,8GB,3000,G5-005.jpg,1
G5-006,가전.컴퓨터,컴퓨터 주변기기.게임,로지텍,무선키보드+무선마우스 K750r+M950,234000,키보드 + 마우스 특별 결합상품,0,G5-006.jpg,1
G5-007,가전.컴퓨터,컴퓨터 주변기기.게임,캐논,이코노믹 잉크 E510,110000,인쇄+복사+스캔 4800dpi 5-8.6ipm Full-HD동영상인쇄 자동사진보정,0,G5-007.jpg,1
G5-008,가전.컴퓨터,컴퓨터 주변기기.게임,삼성전자,스마트프린터 레이저 컬러 [SL-C413W],229000,분당 흑백 18매  컬러 4매 / 초소형 / 무선 지원 / NFC 지원,0,G5-008.jpg,1
G5-009,가전.컴퓨터,컴퓨터 주변기기.게임,EPSON,정품 무한공급 칼라 잉크젯 복합기 L355 ,276000,[인쇄+복사+스캔]/분당 33매/유.무선 네트워크/분당33장출,0,G5-009.jpg,1
G5-010,가전.컴퓨터,컴퓨터 주변기기.게임,소니,본체CUH-1005AB01+듀얼쇼크,567800,게이머 중심의 시스템 제공,0,G5-010.jpg,1
H1-001,가구.침구.인테리어,소파.침대.옷장,시스디자인,모던 307 PU가죽 3인 소파,428000,건조목 프레임  벨트  S자 스프림  독립형 포켓스프링  고탄력 스폰지,0,H1-001.jpg,1
H1-002,가구.침구.인테리어,소파.침대.옷장,블루밍홈,브리쉘 4인쇼파,492000,국내 최장길이 3m 57cm의 소파.,0,H1-002.jpg,1
H1-003,가구.침구.인테리어,소파.침대.옷장,마리나홈,파이브스타 인조가득 소파베드,169000,모던스타일 파이브스타 쇼파베드,0,H1-003.jpg,1
H1-004,가구.침구.인테리어,소파.침대.옷장,스트레스리스,리클라이너의자 Royal(로얄)-L / Paloma등급,2259000,부드러운 회전고리가 있어 360도 회전 가능.독서시 최상의 편안함 제공,0,H1-004.jpg,1
H1-005,가구.침구.인테리어,소파.침대.옷장,까사미아까사온,CASAON맨하탄 가죽헤드 침대,569000,텐셀 양모 라텍스 9존 독립스프링 매트리스-킹,0,H1-005.jpg,1
H1-006,가구.침구.인테리어,소파.침대.옷장,에몬스홈,리사 로맨틱 화이트 침대Q,697000,헤드보드 모양을 곣너형으로 처리하여 기대어 누웠을 시 더욱 편안함,0,H1-006.jpg,1
H1-007,가구.침구.인테리어,소파.침대.옷장,한샘,샘베딩 옷장세트 1600 행거형,337000,직접 디자인하듯 내 입맛에 딱 맞춘 다양한 내부구성 제공,0,H1-007.jpg,1
H1-008,가구.침구.인테리어,소파.침대.옷장,에넥스,데이지 붙박이장-360cm,958000,상/하부의 고급스러운 패턴과 실크유리 패턴으로 마무리된 고급 모던 스타일의 붙박이장,0,H1-008.jpg,1
H1-009,가구.침구.인테리어,소파.침대.옷장,모아이,로티 싱글 옷장풀세트,399000,옷장+3단서랍장+옷걸이 봉,0,H1-009.jpg,1
H1-010,가구.침구.인테리어,소파.침대.옷장,이케아,ANEBODA Wardrobe (White) 101.580.28,147000,,0,H1-010.jpg,1
H2-001,가구.침구.인테리어,책상.의자.식탁.싱크대,소프시스,위더스 컴퓨터책상1260,59900,컴퓨터와 주변기기들의 효율적 수납 가능,0,H2-001.jpg,1
H2-002,가구.침구.인테리어,책상.의자.식탁.싱크대,블루밍홈,네오와이드 책상800입식,26500,베이직한 디자인의 좌식 책상,3000,H2-002.jpg,1
H2-003,가구.침구.인테리어,책상.의자.식탁.싱크대,한샘,에디 챇아 1200(D580) 라운드형,74000,깔끔한 디자인으로 안정감있는 나만의 공간 구성,0,H2-003.jpg,1
H2-004,가구.침구.인테리어,책상.의자.식탁.싱크대,데코라인,요거트 전면책상,229000,북유럽풍 스타일리시한 다리와 화사한 베이지 색상 오크패턴 책장,0,H2-004.jpg,1
H2-005,가구.침구.인테리어,책상.의자.식탁.싱크대,리바트 이즈마인,프렌트 책상세트,228000,은은한 나무결이 뭍어나는 내추럴 오크 컬러와 화사한 아이보리 컬러 매치 책상,0,H2-005.jpg,1
H2-006,가구.침구.인테리어,책상.의자.식탁.싱크대,장인가구,베기스(Weggis) 1200 대형수납 전면형 책상세트 ,166500,고급스럽고 분위기있는 책장 베기스.,0,H2-006.jpg,1
H2-007,가구.침구.인테리어,책상.의자.식탁.싱크대,시디즈,TX200F 메쉬의자,197000,산뜻한 메쉬컬러  심플한 디자인으로 어떤 공간에서나 누구에게나 어울리는 TAB시리즈.,0,H2-007.jpg,1
H2-008,가구.침구.인테리어,책상.의자.식탁.싱크대,듀오백,DK-3600B/인조가죽 의자,198000,고객의 생활까지 편안하고 세련되게 디자인해줌.,0,H2-008.jpg,1
H2-009,가구.침구.인테리어,책상.의자.식탁.싱크대,에넥스,라미스 대리석 다용도 테이블,65800,인조대리석과 라미스의 플러쉬 공법으로 제작된 고급 테이블,0,H2-009.jpg,1
H2-010,가구.침구.인테리어,책상.의자.식탁.싱크대,마켓비,HEMNES Table Black-brown,73800,간결하게 절제된 디자인으로 오랫동안 사용해도 질리지 않는 HEMNES Table,0,H2-010.jpg,1
H3-001,가구.침구.인테리어,침구류,올리비아데코,디나 면리플 엠보 패턴 홑이불(S),12900,자연스러운 컬러감과 네츄럴한 매력이 돋보임.,3000,H3-001.jpg,1
H3-002,가구.침구.인테리어,침구류,주호데코,파스텔 리플 홑겹이불 (160x210),36400,파스텔 칼라의 솔리드 리플 원단으로 제작한 리플홑겹이불,0,H3-002.jpg,1
H3-003,가구.침구.인테리어,침구류,위드인하우스,아네스 여름 누비이불,182000,누비이불/2인용/광목면/네츄럴아이보리,0,H3-003.jpg,1
H3-004,가구.침구.인테리어,침구류,르헤브,리프 엠보 홑이불,19900,얇고 가벼우며 땀흡수가 빨라 시원함. 촉감이 부드러워 살에 달라붙지 않음.,3000,H3-004.jpg,1
H3-005,가구.침구.인테리어,침구류,쁘리엘르,마일드 아사 피그먼트 패드겸이불150x200,29900,앞 뒤 모두 면 100%의 부드러운 순면.,3000,H3-005.jpg,1
H3-006,가구.침구.인테리어,침구류,아이르,피그먼트 누비이불,32000,패드 스타트 5color 대형(150*200),0,H3-006.jpg,1
H3-007,가구.침구.인테리어,침구류,헬렌스타인,독일 극세사 다운필 베개 2개 세트,32900,모던함과 순사함을 기본 컨셉으로 한 고급스러운 잠자리 제공.,0,H3-007.jpg,1
H3-008,가구.침구.인테리어,침구류,템퍼,밀레니엄 베게 XS,139500,둥글게 처리된 모서리로 어떤 수면 자세에도 적절한 지지력 제공.,0,H3-008.jpg,1
H3-009,가구.침구.인테리어,침구류,텐바이텐,보웰 이중거즈 티니도트 블랑켓,28000,감각적인 모던 스타일에 깊고 풍부한 컬러가 조화됨.,3000,H3-009.jpg,1
H3-010,가구.침구.인테리어,침구류,위드인하우스,더스타즈 비치타월,14400,면/75x140/미국국기,3000,H3-010.jpg,1
H4-001,가구.침구.인테리어,커튼.카페트.인테리어,올리비아데코,스칸디 순면 거실커튼세트(400x230),44900,프랑스의 모던함과 순수한 느낌이 살아있음.,0,H4-001.jpg,1
H4-002,가구.침구.인테리어,커튼.카페트.인테리어,라니아,밀키 쉬폰 커튼(280x230)[커튼2장+커튼끈],29900,경쾌한 컬러감과 화사함으로 미리보는 봄의 느낌 제공.,3000,H4-002.jpg,1
H4-003,가구.침구.인테리어,커튼.카페트.인테리어,아망떼,디아스 아일렛 3중직 암막 커튼 225x232,23900,심플한 디자인의 아일렛 암막커튼,3000,H4-003.jpg,1
H4-004,가구.침구.인테리어,커튼.카페트.인테리어,퀸스홈,[25mm] 스위티 커튼봉 10호(150cm~300cm),17800,,3000,H4-004.jpg,1
H4-005,가구.침구.인테리어,커튼.카페트.인테리어,보몽드,블랙/그레이 카페트,29800,북유럽스타일 나만의 개성있는 스타일 카페트 블랙,3000,H4-005.jpg,1
H4-006,가구.침구.인테리어,커튼.카페트.인테리어,한일카페트,정품 원목 우드카페트 180x240cm,270000,자연의 숨결이 그래도 살아있는 품질 좋은 우드 카페트,0,H4-006.jpg,1
H4-007,가구.침구.인테리어,커튼.카페트.인테리어,리빙데코,로얄슈페리어 러그카페트 170*230cm,209000,마이크로화이브원단으로 제작된 고급 러그.,0,H4-007.jpg,1
H4-008,가구.침구.인테리어,커튼.카페트.인테리어,어반홈,포스트 파리 광목100% 카페트겸 패드 중형(150x200),79900,100% 광목 면으로 완성된 카페트 겸 패드. 충전재 내재.,0,H4-008.jpg,1
H4-009,가구.침구.인테리어,커튼.카페트.인테리어,레온,HG 북유럽풍 하우스 착번 카페트(200*250),72900,면소재의 부드러운 촉감. 피부에 자극을 주지 않음.,0,H4-009.jpg,1
H4-010,가구.침구.인테리어,커튼.카페트.인테리어,천이백엠,샤블리 레드샤벳 50mm 샤기 카페트 160x230cm,395000,긴 파일이 풍성함과 여유로움을 주는 스타일의 카페트,0,H4-010.jpg,1
H5-001,가구.침구.인테리어,아동.수납.사무가구,도노코코,쿠키 3X3 수납장(믹스),167000,상단이 라운드처리. 모든 스마일박스에 뚜껑 포함.,0,H5-001.jpg,1
H5-002,가구.침구.인테리어,아동.수납.사무가구,나무앤소르니아,[나무&]원목 애플 베이비 옷장,343000,인체에 유익한 원적외선을 방출.,0,H5-002.jpg,1
H5-003,가구.침구.인테리어,아동.수납.사무가구,에보니아,케빈 이층침대 ,942000,실용적이면서 합리적인 원목 이층침대,0,H5-003.jpg,1
H5-004,가구.침구.인테리어,아동.수납.사무가구,미즌하임 니즈,로잔 거실장세트(화이트)/,1129000,TV장/화이트거실장/TV다이,0,H5-004.jpg,1
H5-005,가구.침구.인테리어,아동.수납.사무가구,우아미ON,프리미엄 모뉴엘 확장형 무늬목거실장,399800,고급스러운 무늬목의 색감을 고급스러움을 표현하고 있음.,0,H5-005.jpg,1
H5-006,가구.침구.인테리어,아동.수납.사무가구,마켓비,HELMER 6 Drawers 3종,40500,작지만 실용적인 아이템. 수납력과 경제적인 가격이 일품.,0,H5-006.jpg,1
H5-007,가구.침구.인테리어,아동.수납.사무가구,디자인벤처스,콜린스빈티지 와이드체스트,861000,정교한 몰딩 형태의 프레임에 엔틱 터치 도장을 한 중후한 디자인이 매력적임.,0,H5-007.jpg,1
H5-008,가구.침구.인테리어,아동.수납.사무가구,우아미가구,우아미 5단 서랍장,130000,서랍 내부에 철레일과 스토퍼를 사용하여 안전성이 뛰어남,0,H5-008.jpg,1
H5-009,가구.침구.인테리어,아동.수납.사무가구,디자인크럽니즈,데이지 거실장 1500,299000,TV다이/TV장,0,H5-009.jpg,1
H5-010,가구.침구.인테리어,아동.수납.사무가구,리바트 이즈마인,웍스 1800 회의 테이블,218000,딱딱한 사무공간과 편안한 휴식공간의 경계를 허물며 자유롭지만 정제된 분위기 연출.,0,H5-010.jpg,1
I1-001,주방.생활.건강,바디.욕실용품,동양하드웨어,욕실문 보호대,3000,썩고 곰팡이나고 더러운 욕실문을 간단히 수리할 수 있습니다.,0,I1-001.jpg,1
I1-002,주방.생활.건강,바디.욕실용품,리빙 C&P,비누선반,2500,재질: 스텐레스+플라스틱/ 구성:비누선반+흡착판1개,0,I1-002.jpg,1
I1-003,주방.생활.건강,바디.욕실용품,리빙 C&P,치약+칫솔+컵꽃이,2000,재질: 스텐레스+플라스틱/ 구성:선반+흡착판2개,0,I1-003.jpg,1
I1-004,주방.생활.건강,바디.욕실용품,창신리빙,강력흡착 샤워걸이,3500,못없이 사용가능한 강력흡착 샤워걸이입니다.,0,I1-004.jpg,1
I1-005,주방.생활.건강,바디.욕실용품,㈜하이웰,터치미치약짜개,27000,자동치약 터치미는 진공펌프원리를 응용하여 토출하는 상품입니다. 주거문화의 고급화된 편리함과 욕실의 정리정돈과 즐거운 분위기를 연출해 줍니다.,1000,I1-005.jpg,1
I1-006,주방.생활.건강,바디.욕실용품,영일,손잡이 샴푸대,1500,얕은 선반은 비누선반으로 깊은 선반은 샴푸나 세제등을 넣고 쓰실 수 있습니다.,0,I1-006.jpg,1
I1-007,주방.생활.건강,바디.욕실용품,마루매트,논슬립 미끄럼방지매트,7900,친환경첨가제를 사용하여 건강하고 편안한 매트입니다,0,I1-007.jpg,1
I1-008,주방.생활.건강,바디.욕실용품,승일유통,뻥투,3000,양변기라면 어디든지 사용하는 스티커 압축 뚫어뻥!,0,I1-008.jpg,1
I1-009,주방.생활.건강,바디.욕실용품,3M,Scotch-Brite 청소용품,15000,3M에서 제공하는 다양한 청소도구,500,I1-009.jpg,1
I1-010,주방.생활.건강,바디.욕실용품,이다음,디스카운트변기커버,6900,가죽 질감으로 부드럽고 안락한 촉감을 체험하실 수 있습니다.,0,I1-010.jpg,1
I2-001,주방.생활.건강,생활용품,위드씨엔에스,키보드선반/수납보드,42000,문서를 더 쉽게 보고 메모와 사진을 바로 앞에 나열하며 스마트폰도 충전할 수 있습니다.,2000,I2-001.jpg,1
I2-002,주방.생활.건강,생활용품,DS일렉,피톤치드 복합 공기청정기,59000,공기정화에 꼭 필요한 필터와 피톤치드만이 적용된 제품,3000,I2-002.jpg,1
I2-003,주방.생활.건강,생활용품,퍼펙트클린,아이탑패드,47000,바닥에 있는 방진고무가 진동과 소음을 잡아줍니다,3000,I2-003.jpg,1
I2-004,주방.생활.건강,생활용품,봉주르하우스,행거,70000,철제 제품으로 오래 사용할 수 있고 장식을 사용하여 집안의 인테리어 효과,2000,I2-004.jpg,1
I2-005,주방.생활.건강,생활용품,또봇파워,크루즈 배식판,13000,어린이용 또는 다이어트용으로 사용할 수 있는 식판,0,I2-005.jpg,1
I2-006,주방.생활.건강,생활용품,니드,솔리드 등받이의자 12p,148000,컬러풀한 디자인에 지압처리되어 있으며 등받이가 있어 편한의자,0,I2-006.jpg,1
I2-007,주방.생활.건강,생활용품,2IN1트렁크,유아용 캐리어,60000,유아용 여행용 가방으로 튼튼하고 아기자기한 디자인으로 바퀴가 있어서 승용완구도 됩니다,0,I2-007.jpg,1
I2-008,주방.생활.건강,생활용품,비욘드,키즈용 로션/샴푸,10400,씨앗과 새싹의 신비로운 초록 성분을 듬뿍 담은 에코 쉴드 포뮬러,0,I2-008.jpg,1
I2-009,주방.생활.건강,생활용품,부긴헤드,다용도 클립 만능걸이 유아용품,21900,아이들을 위한 치발기 홀더 ,0,I2-009.jpg,1
I2-010,주방.생활.건강,생활용품,Beb다,유선형 젖병,9000,물통 손잡이 구강용품 유아생활용품 유아 식기,0,I2-010.jpg,1
I3-001,주방.생활.건강,주방.식기,디허브,화이트-빨래건조대,8900,빨래도 말리고 가습효과까지,0,I3-001.jpg,1
I3-002,주방.생활.건강,주방.식기,플러스생활,싱크대물막이,9700,친황경 재료로 만들고 부드러운 연질의 PVC재질로 손이나 팔에 닿아도 안심,100,I3-002.jpg,1
I3-003,주방.생활.건강,주방.식기,하이미,원목 접시꽂이,6900,100% 순수 대나무 원목의 자연스러움을 그대로 살린 인기제품,0,I3-003.jpg,1
I3-004,주방.생활.건강,주방.식기,아이리드몰,선반대 수납,20000,클린 다용도 폭조절 압축선반,100,I3-004.jpg,1
I3-005,주방.생활.건강,주방.식기,슈퍼킹,키친타올걸이,12000,굴곡이 있는 타일에도 부착가능,0,I3-005.jpg,1
I3-006,주방.생활.건강,주방.식기,골드로즈,스퀘어 쟁반,5900,견고한 멜라민수지로 제작된 쟁반,0,I3-006.jpg,1
I3-007,주방.생활.건강,주방.식기,대코,스텐다드용도건지기,9000,견고한 스테인리스 재질로 제작,0,I3-007.jpg,1
I3-008,주방.생활.건강,주방.식기,센스토어,와인건지기,10000,다용도로 쓰이는 와인건지기,0,I3-008.jpg,1
I3-009,주방.생활.건강,주방.식기,리빙월드,보인보냉물통,74000,최고 재질인 국내산 304스텐으로 제작하여 녹슬지 않고 인체에 무해,2000,I3-009.jpg,1
I3-010,주방.생활.건강,주방.식기,대코,다용도 야채망,10000,통풍이 잘되어 보관이 용이하고 손쉽게 걸어 사용가능,100,I3-010.jpg,1
I4-001,주방.생활.건강,건강관리.실버,힐링스톤,황금견운모 헬씨벨트,190000,천연광물인 견운모로 제작하여 원적외선 방사능력이 탁월,5000,I4-001.jpg,1
I4-002,주방.생활.건강,건강관리.실버,키프트캔,만보기 5개,6000,웰빙시대 건강 필수품 ,0,I4-002.jpg,1
I4-003,주방.생활.건강,건강관리.실버,벅스락,6개 아로마 방향제 밴드,12000,순 식물성 정유로 만든 천연 방향제 밴드,1000,I4-003.jpg,1
I4-004,주방.생활.건강,건강관리.실버,와트너,초 간편 사마귀 제거기,30000,사마귀의 핵을 냉동시켜 피부와함께 떨어지면서 새살이 돋아나게 하는 방식의 의료기기,2000,I4-004.jpg,1
I4-005,주방.생활.건강,건강관리.실버,오즈헬스링,게르마늄 팔찌 목걸이세트,99000,게르마늄함량을 늘려 진정한 효능을 느끼실 수 있는 제품,4000,I4-005.jpg,1
I4-006,주방.생활.건강,건강관리.실버,올마트,발 마사지 효도선물,12000,가정이나 사무실 등 시원한 발마사지를 간편하게 쉽게 받을 수 있습니다.,1000,I4-006.jpg,1
I4-007,주방.생활.건강,건강관리.실버,페이버,건강 자석팔찌,20000,바이오 세라믹 기술을 바탕으로 신체의 기를 살려줌,2000,I4-007.jpg,1
I4-008,주방.생활.건강,건강관리.실버,포드림,디지털 체중계,11500,자동측정센서/고강도강화유리,0,I4-008.jpg,1
I4-009,주방.생활.건강,건강관리.실버,발바로,엄지소지고정,34000,쉽고 간편하게 발가락 변형이 심해지는 것을 예방교정,0,I4-009.jpg,1
I4-010,주방.생활.건강,건강관리.실버,헬스원산업,국산 발지압매트,11800,자연의 5가지 자갈을 모방하여 인조자갈에 천연옥을 첨가,0,I4-010.jpg,1
I5-001,주방.생활.건강,악기,리락쿠마,리코더,17000,아이들의 안전을 생각한 소프트케이스,0,I5-001.jpg,1
I5-002,주방.생활.건강,악기,삼익악기,박자기,31500,고전적인 메트로놈의 디자인,2000,I5-002.jpg,1
I5-003,주방.생활.건강,악기,포드림,악보보면대,5900,음악연주시 편리하게 악보를 보세요,0,I5-003.jpg,1
I5-004,주방.생활.건강,악기,뮐러악기,전자피아노,51500,100가지 음색과 100가지 리듬,0,I5-004.jpg,1
I5-005,주방.생활.건강,악기,소니,홈 네트워크 스피커,700000,소니 오디오의 빛나는 결정체,10000,I5-005.jpg,1
I5-006,주방.생활.건강,악기,구넷,블루투스 스피커,64000,방수용 블루투스 스피커,0,I5-006.jpg,1
I5-007,주방.생활.건강,악기,오피스존,실로폰 멜로디언,14000,컬러풀한 디자인의 실로폰,0,I5-007.jpg,1
I5-008,주방.생활.건강,악기,JOYO,조율기,19800,모든악기 조율가능,1000,I5-008.jpg,1
I5-009,주방.생활.건강,악기,뮐러악기,키보드의자,19200,키보드/피아노겸용 다용도의자,1000,I5-009.jpg,1
I5-010,주방.생활.건강,악기,이뽀나몰,핸드벨 8pcs,19900,유치원생 및 초등학생들의 음악교육 및 연주 연습활동,0,I5-010.jpg,1
J1-001,식품,신선식품(쌀.야채),함평군농협,함평쌀20kg,50350,[함평농협] 2013년 쌀통에 담아먹는 함평쌀 20kg (포장 無 택배전용),0,J1-001.jpg,1
J1-002,식품,신선식품(쌀.야채),두보식품,생귀리가루 500g,6500,국산이라 좋고 영양 많아 좋은 귀리가루,0,J1-002.jpg,1
J1-003,식품,신선식품(쌀.야채),올가니카,볶은레드퀴노아 400g,36480,프리미엄 홀푸드,1000,J1-003.jpg,1
J1-004,식품,신선식품(쌀.야채),두보식품,영양맛찰밥 800g,5400,7가지 곡물에 고구마 단호박 밤 은행을 넣어 만든 영양밥,0,J1-004.jpg,1
J1-005,식품,신선식품(쌀.야채),대왕님표,여주쌀 10kg,32775,2013년산 경기도 여주군에서 생산함,1000,J1-005.jpg,1
J1-006,식품,신선식품(쌀.야채),E-MART FRESH,백다다기 오이,390,엽록소와 비타민C/칼륨을 함유한 저칼로리 식품,0,J1-006.jpg,1
J1-007,식품,신선식품(쌀.야채),CJ,오리엔탈 소스 모닝 두부,1650,한끼용으로 좋고 샐러드 드레싱에 곁들이면 굿,0,J1-007.jpg,1
J1-008,식품,신선식품(쌀.야채),평창군 농협,완두콩 2kg,16300,강원도 평창 동글동글 완두콩,0,J1-008.jpg,1
J1-009,식품,신선식품(쌀.야채),E-MART FRESH,머쉬마루 버섯,2780,판매단위가 봉인 머쉬마루,0,J1-009.jpg,1
J1-010,식품,신선식품(쌀.야채),CJ,친환경 콩나물,1280,행복산 콩 제주산 콩 친환경 콩나물,0,J1-010.jpg,1
J2-001,식품,신선식품(과일),국내산,당도선별수박,13500,9~10kg,0,J2-001.jpg,1
J2-002,식품,신선식품(과일),골라담기,예스방울토마토,8900,고당도 예스방울 토마토 750g,0,J2-002.jpg,1
J2-003,식품,신선식품(과일),메이빌,영동포도,25800,메이빌 영동포도 1.5kg/4~5송이,2000,J2-003.jpg,1
J2-004,식품,신선식품(과일),골라담기,세지메론,17800,세지메론 1.3kg내외(개당),1000,J2-004.jpg,1
J2-005,식품,신선식품(과일),한국씨엔에스,흑토마토,34800,달고 맛나는 흑토마토,3000,J2-005.jpg,1
J2-006,식품,신선식품(과일),필리핀,일반바나나,3300,일반바나나 1.1kg~1.3kg,0,J2-006.jpg,1
J2-007,식품,신선식품(과일),E-MART FRESH,당찬사과,7900,국내산 당찬사과 4~7입/봉,0,J2-007.jpg,1
J2-008,식품,신선식품(과일),E-MART FRESH,블루베리,9980,미국산 냉동 블루베리 1.3kg/봉,0,J2-008.jpg,1
J2-009,식품,신선식품(과일),E-MART FRESH,흑피 수박,12700,국내산 씨없는 고당도 흑피 수박 9kg,0,J2-009.jpg,1
J2-010,식품,신선식품(과일),제스프리,골드키위,12000,제스프리 뉴질랜드 골드키위(8~10입),0,J2-010.jpg,1
J3-001,식품,가공식품,오뚜기,스낵면,2000,스낵면 108g(5개),100,J3-001.jpg,1
J3-002,식품,가공식품,CJ,스팸,15980,스팸 클래식(340g*3입) 1020g,1500,J3-002.jpg,1
J3-003,식품,가공식품,이마트,손짬뽕,1300,신제품 손짬뽕 115g,0,J3-003.jpg,1
J3-004,식품,가공식품,빙그레,바닐라라떼,1000,아카페라 바닐라 라떼 240ml,0,J3-004.jpg,1
J3-005,식품,가공식품,PEACOCK,우유,2900,저온살균 우유 1000ml,0,J3-005.jpg,1
J3-006,식품,가공식품,삼다수,물,910,삼다수 2.0L(1입 낱개상품),0,J3-006.jpg,1
J3-007,식품,가공식품,Maxim,커피,25900,모카골드 마일드 커피믹스 ,0,J3-007.jpg,1
J3-008,식품,가공식품,골라담기,요플레,4980,요플레 7가지중 10개,0,J3-008.jpg,1
J3-009,식품,가공식품,농심,신라면,3170,신라면 (120g 5입),0,J3-009.jpg,1
J3-010,식품,가공식품,매일,분유,62300,앱솔루트 엄마가 만든 명작 3단계,0,J3-010.jpg,1
J4-001,식품,즉석식품,종가집,배추김치,53000,아삭무 배추김치 6.8kg,5000,J4-001.jpg,1
J4-002,식품,즉석식품,CJ 프레시안,소시지,6980,그릴 비엔나 소시지 360g,1000,J4-002.jpg,1
J4-003,식품,즉석식품,피코크,새우볶음밥,7980,새우볶음밥 840g,1000,J4-003.jpg,1
J4-004,식품,즉석식품,CJ,군만두,4000,백설 군만두 400g,0,J4-004.jpg,1
J4-005,식품,즉석식품,CJ,잡채군만두,4000,잡채군만두 400g,0,J4-005.jpg,1
J4-006,식품,즉석식품,부어스트,소시지,6950,다양한 맛을 즐기는 콤비네이션,0,J4-006.jpg,1
J4-007,식품,즉석식품,이마트,너겟,10500,이마트가 직접 수입한 치킨 너겟 1kg,0,J4-007.jpg,1
J4-008,식품,즉석식품,목우촌,소시지,6600,주부9단 프랑크소시지 500g,0,J4-008.jpg,1
J4-009,식품,즉석식품,피코크,커틀렛,10500,미니 생선커틀렛 600g,0,J4-009.jpg,1
J4-010,식품,즉석식품,해팅,샌드위치,5900,햄크로아싱 샌드위치 200g,0,J4-010.jpg,1
J5-001,식품,건강.다이어트식품,정관장,홍삼정,99000,6년근 홍상점 240G,2000,J5-001.jpg,1
J5-002,식품,건강.다이어트식품,바른길,메밀과자,1980,웰빙 메밀과자 110g,300,J5-002.jpg,1
J5-003,식품,건강.다이어트식품,이마트,비타민,9900,비타민C 1000 200정,400,J5-003.jpg,1
J5-004,식품,건강.다이어트식품,바른길,오곡과자,1980,무농약 웰빙 오곡과자 110g,100,J5-004.jpg,1
J5-005,식품,건강.다이어트식품,종근당,벌꿀,35800,프리미엄 아카이사 벌꿀 800g,0,J5-005.jpg,1
J5-006,식품,건강.다이어트식품,비엔허브,삼계탕,5180,국물이 잘 우러나오는 삼계탕재료,0,J5-006.jpg,1
J5-007,식품,건강.다이어트식품,청오,미숫가루,19600,무농약 미숫가루 1kg 2개,0,J5-007.jpg,1
J5-008,식품,건강.다이어트식품,웨이더,단백질,45000,웨어더 플러스 단백질 2정,0,J5-008.jpg,1
J5-009,식품,건강.다이어트식품,비타민하우스,다이어트식품,19900,다이어트 쉐이크 쿠키앤크림 750g,0,J5-009.jpg,1
J5-010,식품,건강.다이어트식품,발포,다이어트식품,20000,가르시니아 다이어트 레몬맛 1박스,2400,J5-010.jpg,1
